content,pubTime,title
"
                                                农林作物灌溉技术的发展，在经历了农耕文明历史上传统的天浇、地流、漫灌、淹灌、串畦灌、沟灌、渠灌、桶浇、瓢泼等简单落后技术，及近几十年发展起来的国内许多地方才开始使用的喷灌、微喷灌、滴灌、膜下滴灌、涌泉灌、喷水带灌、机械灌溉等新技术以后，这才又发展进步到了“精确用水”、“精确灌溉”的最先进的农林作物渗灌节水高新技术。 
使用橡塑输水管、微渗水管及其管网专用设备等，进行花卉灌木、果林园圃、高档草坪、城市绿化、大棚蔬菜、大棚农田、农田经济作物、等等的大面积节水灌溉施肥，是21世纪农林作物节水灌溉的最先进技术。它不仅能充分地满足大面积山丘、平原上各式各样的农林作物生长需要，使作物增产增收，而且能够节省大量的水资源和大量的人工、机械劳动力，即节省大量的水资源、动力能源和人力资源等生产成本；不仅适用于季节性缺水的干旱地区及沙漠地带，也是现代化农业实现自动施肥的基础设施。故大力推广应用如此先进的农林作物渗灌节水技术，是实现我国农业现代化的重要途径，也是村村寨寨新农村的富裕之路，显然是具有国家重大节水节能节肥的战略意义。 
一、信息网络新时代的农林作物渗灌节水新技术――“精确用水”、“精确灌溉”的先进理念 
 “精确用水”、“精确灌溉”的先进理念，就是一种针对性极强的“浇树不浇路”、“浇作物”不“浇土壤”的聪明节水灌溉思想。 
人们依据农林作物生长的全生育期，是其根系在土壤层里的一定范围内进行长期地、非均匀地、非连续性地、微量汲取水份和养料的生理生化特征，采用针对性极强、可选择、可控制的全封闭管道网络输水（含可溶性养料）和使用微渗水管网微量渗水渗养灌溉每一植株[附图1]；即对大面积农林作物进行可选择、可控制、周期性的、定时或非定时的供水供养，以便最大限度地满足每一植株农林作物生长的最佳生理需求，在每一植株周围创造出一个个小局部的、相对的、可以使其生长得最好的几乎所有最佳条件；这个精确用水用养的高新科技方法，就完全可以使每一植株农林作物生长得枝繁叶茂、硕果累累；既达到了使农林作物增产增收的主要目标，也同时达到了最大限度地节水、节肥、节电和节省劳动力的综合目的。 
二、农林作物渗灌节水技术工程的基本原理与概念 
1、渗灌节水技术 
渗灌节水技术是指在低液压条件下，使灌溉水（含可溶性养料）通过架设或埋没在每一株农林作物根系范围内的渗水管[附图2]壁上的微孔，由内向外呈发汗状渗出[附图3]，以滴渗方式湿润作物根系层周围土壤，即直接向每一株农林作物根系适时、适量地供水、供养的一种节水增产的灌溉技术方法。 
2、农林作物渗灌节水技术工程 
为达到对大面积农田、果树、园林、花卉、草木、蔬菜里的每一株作物实施渗灌的目的，在大面积的农林作物根系层土壤里面或其上面，埋设安装或架设安装渗水管网、及在地表面上安装配备相应的输水管网、冲洗管网、控制阀门、过滤器、供水管网、过滤池、水源――蓄水池、水井、或水泵，等等；或者是加装上高科技的自动控制装置（如太阳能自动供水系统、定时供水系统[附图4]）、遥测遥感遥控装置、视频监控系统，等等；并把这所有设备、装置、系统连接构造成一个非常经济实用的、可操控的、完整的农林作物渗灌节水网络灌溉系统工程的设计、安装、运行和移交用户使用，以及培训用户掌握该系统以后的使用、维护、检修工作方法。 
三、农林作物渗灌节水技术工程的主要应用范畴 
1、城市绿化 
小块草坪、花坛可以采用重力渗灌，1000�以上的草坪采用低压渗灌。采用渗灌技术进行城市绿化[附图5、6、7]，极大地提高了劳动生产效率，可节省人工、机械劳动力60 % ～ 90 %以上。它在进行灌溉时，绝不会给行人或街道造成污染，也不会影响草坪（如：足球场、高尔夫球场、城市绿地等）的正常使用。 
2、屋顶花园 
城市屋顶花园的建设，可以改善众多屋顶燥热灸人的恶劣环境，方便人们休闲纳凉，是人类宜居环境建设和城市绿化建设发展的一个新亮点。屋顶花园使用渗灌水管及其技术进行自动灌溉，将不仅很方便、省水，更可以节省大量的浇灌劳动力。 
3、果树种植 
埋在果树根系周围的渗灌水管，是一次埋入多年使用，一般无须维护。使用时打开闸门即可对千亩果园进行灌溉[附图8、9、10]，也可同时进行施肥。渗灌用于干旱地区植树、种草、防风、固沙等（由于它被埋入地下，能避免被风刮跑），也有着良好的效果。 
4、花卉苗圃 
对于草本花卉苗圃[附图4]，无论是袋栽、盆栽、畦栽的蔬菜，袋植、盆植、畦植的各种名贵花卉，也无论是春、夏、秋、冬，针对性很强的、可控制的渗灌节水施肥技术设备，可以对所有植株进行任意的灌溉和施肥，是花农生产最优异花卉产品的最佳选择和好帮手。 
5、温室、大棚 
渗灌管埋于地下灌溉时，在冬季可以降低大棚内湿度，由此可以减少棚膜结露和水滴，增加光照，减少植物病虫害的发生，实现增产增收。在温室里可采用重力渗灌，只要有一个离地面1m高的水箱即可，使用时先将水注入水箱中，待水温达到室温时再进行灌溉。 
6、大田作物 
低压渗灌用于大田作物时，可在每条田垄上开一个深10 ～ 15 �的沟，将渗管放沟内，然后再点种。在北方干旱地区，采用渗灌播种后的一个月内，只需进行4次灌溉，每次用水量仅为漫灌的1/3 ～ 1/4就可以保全苗。 
7、季节性缺水干旱地区作物 
我国虽说是南方常年多雨水，北方干旱雨水少；但是对于农林作物生长的全生育周期而言，南方不同物种的需水临界期不同，也会遇到季节性的干旱时期。如：江西赣南的8、9、10月少雨水，对正结果做实的脐橙而言，就是一个关键的干旱时期。又如：云南昆明11月开始的少雨水旱季，对其花卉苗圃而言，也是一个季节性的干旱地区。故可选择、可控制的渗灌节水技术系统，正适用于在这个干旱季节里对其花卉苗株进行节水施肥灌溉。 
8、养鱼池塘的高效增氧设施 
由于渗灌输水管的管身周围、从头至尾布满了毛细微孔，不仅能渗水，更能冒气。把它们挂在网箱养鱼的箱体下面，或直接放入鱼塘，通入高压空气，可使整个网箱或是整个鱼塘从下往上大量冒气增氧；能极大地增加养鱼密度，达到增产增收的目的。在鱼塘中间装一部旧式的增氧机，靠三片桨叶搅动水体吸入空气，只能是在鱼塘中间的水体表面部分增加少量的氧气；弄不好桨叶还会打伤了鱼。其增氧效果，可是远远无法与渗灌输气管相比拟的了。 
四、农林作物渗灌节水技术工程的巨大优势与使用效果 
1、节水 
农林作物渗灌节水技术工程，是一项崭新而高效的节水新技术系统，它对水资源的有效利用，高于任何其他旧的灌溉方式。由于它的输水管网、渗水管网是全部安装埋设在地面以下运行，不需要在地表安装喷洒灌溉装置，所以就不存在因地表蒸发而形成的水分损失。 
一般来说，它比沟灌技术节水80％，比喷灌技术节水60％，比滴灌技术节水30％。 
2、节肥 
农林作物渗灌节水技术工程，使可溶性化肥随水滴渗出至作物根系层土壤周围，可被作物须根完全汲取，而不存在经地表流失浪费，一般来说可节肥50％以上；同时也为无肥害农产品提供了一种可靠的技术保证。 
3、节能 
农林作物渗灌节水技术工程，只需0.04 MPa的水压力，就可以实施大面积作物灌溉，故比其它任何旧的机械灌溉方式都省电省能源。 
4、自动化程度高，可以灵活、方便、准确地控制灌溉、施肥的数量与时间 
农林作物渗灌节水技术工程，使用在超大作业面积而人工管理很不方便的情况下，均可以很方便地利用遥感遥控等自动控制技术系统，根据作物的生长实际需要，来实时地、自动适量供水、供养；保证了农林作物的丰产、稳产。 
5、节省劳力 
农林作物渗灌节水技术工程，可根据作物根区土壤含水量参数来实现自动灌溉，可溶性化肥是溶于水后经过渗水管送达作物根须部周围，根本无须再使用人工操作来灌溉施肥。一般可节省人工的浇水、施肥劳动力80 % ～ 95 %。 
6、有利于改良土壤 
农林作物渗灌节水技术工程，不会象沟灌、喷灌、滴灌那样造成土壤板结、泛咸的现象，灌溉水及养分是通过微渗水管管壁上的微小孔，由内向外呈发汗状渗出[附图3]入土，使水肥在作物根系层土壤里上下纵横、缓慢扩散，不会破坏土壤的团粒结构，增强了土壤的通气性，促进了微生物活动，且诱使作物须根发达生长，充足吸收养分。 
7、改善作物生长环境 
农林作物渗灌节水技术工程，不仅不会造成土壤板结现象，相反却是增加了土壤通气性，促进了微生物活动，为作物创造出一个非常理想的生长环境。 
8、抑制病虫害 
农林作物渗灌节水技术工程，在其设备运行灌溉期间，地表面和作物叶子仍然保持干燥状态，可以有效降低温室温度，保持地表温度，有效地抑制了对作物有害的真菌，减少了病虫害的发生，提高了作物的品质和产量。 
9、保护作物根须，减少水土流失 
农林作物渗灌节水技术工程，可以是自动地根据土壤参数，进行有效控制的微渗灌溉，不但是保护了作物根须，有利于作物自身的正常发育生长，而且还避免了沟灌、喷灌、滴灌等用水直接冲涮土表，保持住了水土，减少了水土流失。 
10、提高作物的质量和产量 
农林作物渗灌节水技术工程，对渗灌作物营养供应充分，一般均能使作物提早成熟，缩短作物生长期10天左右，提高产量30%－50%。可使蔬菜、黄瓜等增产1 ～ 2倍。并且作物的外型、大小等整体质量，也都有所提高[附图7、8、9、10]。 
11、设备维修率极低 
农林作物渗灌节水技术工程的地下运行设备铺设以后，根本就无需日常维护。只是在有异样出现时，再进行检查维修即可，或者是在每年作物开播灌水前巡检维修一遍即可。 
12、设备使用寿命长 
农林作物渗灌节水技术工程的地下运行基础设备，其正常使用寿命（无人为破坏）约为8 ～ 10年以上。 
13、无防寒防冻问题 
即使是在北方的冬天，也因渗灌水及肥均已渗入土壤，地上、地下的网管中不存在积水，故不存在防寒防冻的问题。 
14、正常维护渗水管，管网永远不堵塞 
按用户手册规范操作，正常检修维护渗灌水管网络，将可使渗灌水管免除物理性的、化学性的、及生物性的堵塞之害。 
15、设备价格低廉 
由于农林作物渗灌节水技术工程的主要设备――橡塑微渗水管等产品已经全部国产化，故价格相对低廉。按现行市场价及一般情况计算，农林作物渗灌节水技术工程的所有运行基础设备（不含高科技的遥测遥感技术系统、自动控制系统、监控系统等），平均计价约合每亩投入人民币800元 ～ 1600元。 
相当于每亩地每一年的设备投入使用费，约为80元 ～ 200元/年。 
16、可为用户带来极高的经济效益 
安装使用农林作物渗灌节水技术工程及其技术设备，虽然是相当于每年都对每亩地投入了约75元 ～ 200元/年的技术设备使用费，但是该技术设备的使用，却可以使每亩地每年节水费达35元，节肥费达15元，节电费达40元，节省人工灌溉施肥费达200元以上，节省改良土壤费、消灭病虫害农药费等约为10元，上述费用小计，就可使用户每年每亩地节省支出约300元。 
而安装使用农林作物渗灌节水技术工程及其技术设备，可使作物每年增产增收30 % ～ 50 %. 


                                            ",2016-02-05,世界上最节水的灌溉技术：渗灌
"
                                                据全国农业技术推广服务中心的专家介绍，目前我国农田节水技术的主要类型有以下十种： 
耕地整理节水技术。平整土地，畅通排灌，修建池、塘、坑、窖、库、堤等拦水、蓄水设施是保证节水灌溉实施的基本条件，已得到农民的普遍认可。 
减免耕保水技术。采用“以松代耕”、“以旋代耕”、“高留茬免耕套播”和“贴茬免耕直播”等方式，可以增加水分入渗深度和蓄水保墒能力，减少水分流失。 
节水灌溉技术。目前生产上应用的主要有沟灌、沟中覆膜灌、低压管灌、滴灌、渗灌、喷灌、微喷等。如喷灌可节水50％，微灌可节水60％到70％，滴灌和渗灌可节水80％以上。 
生物、化学制剂保水技术。近年来，我国已研制开发了多种生物和化学、有机与无机的抗旱保水剂、水分蒸腾抑制剂等，在旱作节水农业上推广应用。 
地膜覆盖和秸秆覆盖保水技术。这两种覆盖类型在我国应用面积较大，成效显著。主要作用是能大幅度减少土壤水分蒸发，增强耕地的蓄水保水性能。 
节水种植技术。该类技术在北方旱区应用较为普遍。如：玉米点水穴播（坐水点种）；水稻旱育稀植；小麦的膜测沟播等。有的作物采用“当年秋覆膜，来年春播种”。 
水、肥一体化调控节水技术。从单一浇水转向浇营养液，肥随水走。把水变成了庄稼的“复合水溶剂”，既减少了田间作业次数，节约了农业生产成本，又提高了肥水的利用效益。 
膜下滴灌节水模式。这是新疆石河子市农垦把地膜覆盖栽培技术与滴灌技术结合创造的模式。它使滴灌水一滴一滴地均匀、定时、定量浸润作物根系发育区域。 
集雨蓄水灌溉模式。主要在西北部黄土高原旱塬农作区推广应用。主要由集雨场、下水沟、过滤池、蓄水窖、提水泵、输水管组成。 
抗旱品种和旱作栽培技术。目前北方推广的主要品种的抗旱性能都较过去有了很大的提高。玉米、小麦、豆类、薯类、杂粮、棉麻、油料、糖料、果树等都有一批高抗旱品种。 


                                            ",2016-02-05,农业专家给您支招：农田节水十法
"
                                                灌溉是人工补充农田作物生长所需水分的技术措施。进行灌溉，必须完成四个过程：第一是修建取水工程，从不同的水源，如地面水（河流、湖泊和水库）、地下水等，引取额定的水量作为灌溉用水。第二个过程是把引取的灌溉水量通过各级大小渠道输送、分配到田间进水口。第三个过程是把进入到田间的水量采用各种灌溉方法（地面畦、沟灌，喷灌和微灌等）供给作物。第四个过程是作物消耗水，即作物根系从土壤中吸取水分供其生长，并最后形成实物产量。 
众所周知，在输水和配水过程中，渠道的渗漏损失是主要的，对土质渠道而言，一般从取水枢纽到田间进水口，约有50%的水量是渠道渗漏损失。在田间灌水过程中，如果灌水方法落后，用水管理技术粗放，田间水量损失也很大，占进入田间水量的20%～30%以上。在作物消耗水的过程中，如果灌水量过大，棵间蒸发量增加，作物腾发也会过多而造成水量无益损失。 
目前，我国灌区的灌溉水利用系数平均为0.4，就是根据第二、第三两个过程中的损失水量估算出来的。因此，政府化大量的投资修建防渗渠道，提高渠系水利用系数；采用各种工程技术措施，改进地面灌溉技术（如平整土地，选取合理的沟、畦规格和放水时间及流量），推广先进的喷、微灌技术等，减少灌溉水量，提高田间水利用系数。 
从目前的情况来看，我国的节水灌溉发展速度很快，已取得显著成效。“十五”期间节水灌溉的发展目标是全国平均灌溉水利用系数提高3～5个百分点，多数地区达到0.45，大中城市郊区达到0.5以上。为了实现或超额完成上述目标，当前应着重抓好以下几项工作。 
1.加速渠道衬砌，减少渗漏损失 
各国的实践证明，衬砌渠道是控制渗漏损失的最有效途径。在输送一定流量时，衬砌渠道的断面比非衬砌渠道的小，因而可以减少渠道占地。另外，衬砌还可以防止渠底和渠坡的冲刷，控制杂草和动物的破坏，从而减少渠道的维修费用，因此，国外的灌溉渠道大部分是衬砌的，渠系水利用系数高达0.8～0.9以上。由于衬砌渠道的一次性投入大，特别是现有旧渠的改建，还要缩小过水断面，停水施工，难度较大。据不完全统计，至今我国已衬砌的干、支渠道约55万km，仅占其总长的18%。而干、支渠以下大多渠道仍是土质渠道，在输、配水过程中的渠道渗漏损失十分严重。用单一渠道计算，从渠首到渠尾的渗漏损失一般达30%～40%；按整个系统计算，包括干、支、斗、农渠，则近一半水量是渗漏损失，即渠系水的利用系数平均约0.5左右。如全国灌区的年引水总量按3445亿m3计算，则其中有1730亿m3的水量是通过各级渠道渗漏损失掉了。因此，为了把我国灌区的水利用系数在“十五”期间提高3～5个百分点，应该重点抓好渠道衬砌。 
新中国成立以来，我国的渠道衬砌工程取得很大进展，如山西、陕西、新疆等省区的防渗渠道估计已占干、支斗级渠道总长的50%左右，山西省的渠系水利用系数达0.7以上。但从全国情况来看，各省区发展很不平衡。此外，已建的衬砌渠道由于工程老化、衬砌材料差，施工质量低，或因冻胀破坏和管理不善而失效的也不少。因此，我国的渠道衬砌工程还有很多工作要做。 
第一，要做好渠道衬砌规划和设计施工。国外常用衬砌材料有很多种，硅酸盐混凝土是最常用的一种，施工质量好的混凝土渠道可以运行三四十年以上，且维修费用很低。因此，有条件的地区应尽量采用混凝土衬砌。此外，如塑膜、浆砌块石、水泥土及不透水的土料等也可以用于衬砌，要因地制宜地做好规划。无论是新建或旧渠改建，都必须进行渠道衬砌设计，合理设计过水断面和边坡，做好坡顶截流排水沟和配套的养护道路。特别重要的是要保证施工质量，这是能否延长衬砌渠道寿命的关键。   第二，要加大投资力度。目前干、支渠等骨干渠道的衬砌主要由国家投资，地方配套资金约占1/3～2/3不等，这是修建高标准衬砌渠道的保证。要加快衬砌速度，扩大衬砌范围，一方面要继续加大投资力度，同时应建立严格的投资使用和监督制度，杜绝挪用专项资金，确保投资效益。 
2.扩大农民参与，提高田间用水效率 
我国的灌溉水利用系数低，田间灌溉用水量浪费大是主要原因之一。从目前情况看，造成田间用水量浪费大的主要原因有两个方面： 
第一，田间工程不配套。斗、农渠以下的渠道基本没有衬砌，大多没有控制建筑物和量水设施，田间土地不平整，在水稻灌区的格田没有独立的进、出水口，基本上是串灌串排，水、肥流失严重。因此，提高田间水的利用系数，必须首先修好田间配套工程。这也需要一笔不小的资金。国家目前对田间配套工程基本不投资，完全靠地方或农民自筹，这是田间工程长期配套不全的主要原因。为此，需要国家研究制定相应的政策来彻底解决这一问题。   第二，田间用水管理水平低。进入田间，甚至进入农渠的水量都没有一个比较精确的计量概念，许多数字都是大致目估出来的。加之水价低，又不按量计征水费，因此用水量大，浪费水量严重。笔者认为，要提高田间用水管理水平，节约田间用水量，必须扩大农民参与，成立农民用水者协会，让用水者自己来管理和养护渠道，分配灌溉水量，并参与制定水费标准和计收水费。农民自己作为田间用水管理的主人，无疑，田间水量的浪费现象可以大大减少。   “用水者参与灌溉管理”是国际上普遍倡导的模式，许多国家已取得了显著成效。我国近些年来也进行了试点，积累了自己的经验，在“十五”期间应加快推广、组建用水者协会的步伐。当前应全面总结经验，制定用水者协会的有关法规和章程，使其具有合法的地位，并有法人资格� 负责与政府管理部门协商签订经营权的转让协议，以及承担相应的义务。协会作为一个经营实体，实行自主经营、自负盈亏、自我发展，全面负责管辖范围内渠道的维修养护以及用水管理工作，灌区管理部门在技术上予以支持和指导。我国的试点多采取以斗渠为单元组建用水者协会，由于各灌区的渠系布置情况不同，也可以按具体条件组建用水者协会。 
在转让经营权以前，水利管理部门应筹措资金把相应的渠道修整得基本完好，渠首有控制建筑物和固定的量水设施然后转交给用水者协会管理经营。用水者协会是一种新生事物，在组建和发展过程中必然会出现许多新问题，如渠道和建筑物的产权、水费的合理分配等，都需要逐步解决。但建立用水者协会的方向是正确的也是发展的必然趋势，它无疑可以为改善田间用水管理状况作出贡献，大大提高田间用水效率。 


                                            ",2016-02-05,提高灌溉水的利用率
"
                                                目前，农业用水量占我国总用水量的2/3左右，但水的有效利用率只有45%左右，节水潜力十分巨大。为此，我们请专家介绍几种节约灌溉用水的小招数,供农民朋友参考。 
修好输水渠修好输水渠道，减少渗漏，确保畅通，一般可节约用水20～30%，如采用圆筒形塑料输水袋作渠，水的利用率可达95%以上。 
整地作小畦短畦、窄畦水流快，省时间，用水少。根据各地经验，渠灌区一般畦长50米、畦宽3米为宜。井渠区以畦长25米、畦宽2米为宜。 
合理运筹对水源比较丰富、宽垄窄畦、地面平整的地块，可采取两水夹浇的方法；对地势一头高一头低的地块，可采取修筑高水渠的方法，把水先送到地势高的一头，然后让水顺着地势往低处流；在水源比较缺乏的地方，实行穴浇、点播(适用于点播和插秧的作物)，一般可节约用水80～90%。 
巧改田畦口据观测，长50米左右的畦，当水浇到70～80%时，就可改浇另一畦，这不仅可防止畦尾积水和流失，还可节约用水20%左右。 
群井汇一流在水量较小时，为减少渠道渗漏，加快水流的速度，可以采取群井汇流，往一个渠道里集中送水的方法，以扩大浇地范围，提高灌溉效率。 
推广喷灌技术喷灌具有灌水均匀、保水保土的良好效果，既能大量节约用水，又能提高灌溉质量，平地山地均可使用，一般比渠道送水方法节水50%左右，有条件的地方应大力推广。 


                                            ",2016-02-05,灌溉节水小招数
"
                                                归纳起来，目前在我国推广应用的节水灌溉型式主要有以下11类。 
1．渠道防渗 渠道输水是目前我国农田灌溉的主要输水方式。传统的土渠输水渠系水利用系数一般为0.4―0.5，差的仅0.3左右，也就是说，大部分水都渗漏和蒸发损失掉了。渠道渗漏是农田灌溉用水损失的主要方面。采用渠道防渗技术后，一般可使渠系水利用系数提高到0.6―0.85，比原来的土渠提高50％―70％。渠道防渗还具有输水快、有利于农业生产抢季节、节省土地等优点，是当前我国节水灌溉的主要措施之一。 
根据所使用的材料，渠道防渗可分为：①三合土护面防渗；②砌石(卵石、块石、片石)防渗；③混凝土防渗；④塑料薄膜防渗(内衬薄膜后再用土料、混凝土或石料护面)等。 
2．管道输水 管道输水是利用管道将水直接送到田间灌溉，以减少水在明渠输送过程中的渗漏和蒸发损失。发达国家的灌溉输水已大量采用管道。目前我国北方井灌区的管道输水推广应用也较快。常用的管材有混凝土管、塑料硬(软)管及金属管等。管道输水与渠道输水相比，具有输水迅速、节水、省地、增产等优点，其效益为：水的利用系数可提高到0.95；节电20％―30％；省地2％―3％；增产幅度10％。目前，如采用低压塑料管道输水，不计水源工程建设投资(以下同)，亩投资为100元―150元。 
在有条件的地方应结合实际积极发展管道输水。但是，管道输水仅仅减少了输水过程中的水量损失，而要真正做到高效用水，还应配套喷、滴灌等田间节水措施。目前尚无力配套喷、滴灌设备的地方，对管道布设及管材承压能力等应考虑今后发展喷、滴灌的要求，以避免造成浪费。 
3．喷灌 喷灌是利用管道将有压水送到灌溉地段，并通过喷头分散成细小水滴，均匀地喷洒到田间，对作物进行灌溉。它作为一种先进的机械化、半机械化灌水方式，在很多发达国家已广泛采用。 
喷灌的主要优点如下：(1)节水效果显著，水的利用率可达80％。一般情况下，喷灌与地面灌溉相比，1m3水可以当2m3水用。(2)作物增产幅度大，一般可达20％―40％。其原因是取消了农渠、毛渠、田间灌水沟及畦埂，增加了15％―20％的播种面积；灌水均匀，土壤不板结，有利于抢季节、保全苗；改善了田间小气候和农业生态环境。(3)大大减少了田间渠系建设及管理维护和平整土地等的工作量。(4)减少了农民用于灌水的费用和投劳，增加了农民收入。 (5)有利于加快实现农业机械化、产业化、现代化。(6)避免由于过量灌溉造成的土壤次生盐碱化。常用的喷灌有管道式、平移式、中心支轴式、卷盘式和轻小型机组式。 
移动管道式咳灌通常将输水干管固定埋设在地下，田间支管和喷头可拆装搬移、周转使用，因而降低了投资。北京市顺义县全县酗万亩粮田均采用这种灌溉形式。10多年来的实践证明：移动式管道喷灌除了具有一般喷灌省水、增产、省工、减轻农民负担和有利于农业机械化、产业化、现代化等优点以外，还具有设备简单、操作简便、投资低、对田块大小和形状适应性强、一户或联户均可使用等优点，是目前较适合我国国情、可以大力推广的一种微型喷灌形式，可适用于大田作物、蔬菜等，亩投资为200元一250元。 
固定管道式喷灌是将管道、喷头安装在田间固定不动， 其灌溉效率高，管理简便，适用于蔬菜、果树以及经济作物灌溉。但是投资较高(亩投资一般在1000元左右)，不利于机械化耕作。 
中心支轴式与平移式大型喷灌机， 只能在预定范围内行走，行走区域内不能有高大障碍物，土地要求较平整。其机械化和自动化程度高，适用于大型农场或规模经营程度较高的农田。使用国产设备，每亩投资为300元-400元。 
卷盘式喷灌机， 靠管内动水压力驱动行走作业， 与中心支轴式及平移式的大型喷灌机相比，具有机动灵活、适应大小田块、亩设备投资低等优点。 目前进口设备每亩投资为；50元左右， 设备国产化后可进一步降低投资， 这是一种适合我国国情、有发展前景的喷灌形式， 可适用于大田作物、蔬菜等。卷盘式喷灌机有喷枪式和析架式两种， 后者具有雾化好、耗能低的优点。轻小型机组式喷灌，可以手抬或装在手推车或拖拉机上，具有机动灵活、适应性强、价格较低等优点，通常用于较小地块的抗旱喷灌。每亩投资为100元-200元。 
4．微喷 微喷是新发展起来的一种微型喷灌形式。这是利用塑料管道输水，通过微喷头喷洒进行局部灌溉的。它比一般喷灌更省水，可增产30％以上， 能改善田间小气候，可结合施用化肥，提高肥效。国产设备亩投资一般在500元-800元。主要应用于果树、经济作物、花卉、草坪、温室大棚等灌溉。 
5．滴灌 滴灌是利用塑料管道将水通过直径约10mm毛管上的孔口或滴头送到作物根部进行局部灌溉。它是目前干旱缺水地区最有效的一种节水灌溉方式，其水的利用率可达95％。滴灌较喷灌具有更高的节水增产效果，同时可以结合施肥，提高肥效一倍以上。可适用于果树、蔬菜、经济作物以及温室大棚灌溉，在干旱缺水的地方也可用于大田作物灌溉。其不足之处是滴头易结垢和堵塞，因此应对水源进行严格的过滤处理。目前，国产设备已基本过关，有条件的地区应积极发展滴灌。 
接管道的固定程度， 滴灌可分固定式、半固定式和移动式三种类型。固定式滴灌，其各级管道和滴头的位置在灌溉季节是固定的。其优点是操作简便、省工、省时， 灌水效果好。国产设备亩投资约为700元(果树)-1400元(大棚蔬菜)。半固定式滴灌， 其干、支管固定， 毛管由人工移动。亩投资为500元-700元。移动式滴灌，其干、支、毛管均由人工移动，设备简单，较半固定式滴灌节省投资，但用工较多。亩投资为2m元一500元。 
结合我国劳动力多、资金缺乏的具体情况而研究开发的半固定式、移动式滴灌系统，大大降低了工程造价，为滴灌在大田作物和经济欠发达地区推广应用创造了条件。 
水窖滴灌， 是通过雨水集流或引用其它地表径流到水窖(或其它微型蓄水工程)内， 再配上滴灌以解决干旱缺水地区的农田灌溉问题。它具有结构简单、造价低、家家户户都能采用的特点。对于旱贫困山区实现每人有半亩到一亩旱涝保收农田，解决温饱问题和发展庭院经济有重要作用，应在干旱和缺水山区大力推广。 
地下滴灌，是把滴灌管埋入地下作物根系活动层内，灌溉水通过微孔渗入土壤供作物吸收。有的地方在塑料管上隔一定距离钻一个小孔，埋入地下植物根部附近进行灌溉，群众俗称“渗灌”。 
地下滴灌具有蒸发损失少、省水、省电、省肥、省工和增产效益显著等优点，果树、棉花、粮食作物等均可采用。其缺点是，当管道间距较大时灌水不够均匀，在土壤渗透性很大或地面坡度较陡的地方不宜使用。亩投资为400元-1000元。其效益为：节水50％-60％；省电40％-50％；增产30％左右。 
6．膜上灌、膜下灌 用地膜覆盖田间的垄沟底部，引入的灌溉水从地膜上面流过，并通过膜上小孔渗入作物根部附近的土壤中进行灌溉，这种方法称作膜上灌，在新疆等地已大面积推广。采用膜上灌，深层渗漏和蒸发损失少，节水显著，在地膜栽培的基础上不需再增加材料费用，并能起到对土壤增温和保墒作用。在干旱地区可将滴灌管放在膜下，或利用毛管通过膜上小孔进行灌溉，这称作膜下灌。这种灌溉方式既具有滴灌的优点，又具有地膜覆盖的优点，节水增产效果更好。 
7．控制灌溉 根据水稻不同生育期对水分的不同需求进行“薄、浅、湿、晒”的控制灌溉，既节约用水，又有利于农作物生长，改变了以往水稻大水漫灌、串灌的旧习惯。它不需增加工程投资，只要按照节水灌溉制度灌水即可。“薄、浅、湿、晒”(薄水插秧、浅水育秧、分蘖前期湿润、分蘖后期晒田)、“旱育稀植”(旱育旱栽，稀植，适当补水)等技术均属这一范畴，近年已在广西、吉林等10多个省、自治区大面积推广。一般每亩可节水100m3，增产稻谷25kg，效益显著。水稻节水灌溉技术已获国家科技进步一等奖，应在水稻区大力推广。 
江苏、上海、浙江等经济条件好的地区采用铺设暗管系统进行控制灌溉和田间排水，有利于节水、节肥和作物生长，为实现高产、高效、优质农业创造了有利的条件。 
8．坐水种 在一些水源短缺的地方，春播时常因春旱出不了苗或出苗不齐。为保全苗，采用机械或畜力用水箱、水袋拉水，在播种时进行点灌，以解春旱，俗称“坐水种”。这种方法投资少、简单易行，是有效的节水增产方式。播种时每亩用水量仅5m³-10m³，丰水年可增产10％-15％，干旱年可增产60％-70％。坐水种目前在黑龙江、吉林等地广为采用，凡条件适合的地方应积极推广。 
9．平整土地、改造沟畦 通过平整土地，改进灌水沟畦规格(如大畦改小畦， 长沟改短沟)等综合措施，使灌水均匀，以达到节水的目的。 
10．科学灌溉与节水管理 根据作物需水要求，适时适量地灌水，用先进的科学技术手段对土壤墒情和灌区输配水系统的水情进行监测、数据采集和计算机处理，可以科学有效地控制土壤水分含量，进行合理调度，做到计划用水、优化配水，以达到既节水又增产的目的。同时，要重视和加强节水管理，改变目前农业用水水价过低、不利于节水的状况，实行按成本收费、超计划用水加价等政策。要建立健全节水管理组织和技术推广服务体系，完善节水管理规章制度。 
11．农业节水措施 大力普及节水灌溉技术，要十分重视农业节水措施的推广。这可采用水稻旱育稀植、抛秧、地膜覆盖、秸杆还田、深耕松土、中耕除草、镇压、耙耪、增施有机肥等措施，以提高土壤对天然降水的蓄集能力和保墒能力。施用化学保水制剂，引进和优选抗旱品种和调整作物种植结构等，也是行之有效的节水措施，在于旱缺水地区应大力推广普及。 


                                            ",2016-02-05,节水灌溉分类及特点
"
                                                 一、雨水资源的高效利用途径 
由于条件的限制，过去广大群众对雨水利用仍停留在自发阶段，雨水资源既没有形成规模利用，也没有产生规模效益。一方面造成水资源的浪费，另一方面又长期受到水资源短缺的困扰。随着水资源日益紧缺，用水矛盾不断加剧，雨水作为干旱、半干旱地区可利用的潜在水资源，引起水问题专家、学者的兴趣，并深入开展研究，一些地方政府重视和支持使其开发利用的深度和广度不断发展，使雨水资源化和持续开发利用得以广泛实现。 
1.修筑梯田，拦蓄雨水，发展雨养农业 
干旱、半干旱地区由于地形复杂，沟壑多，土层薄，保水保肥能力差，降雨产生的径流很快下泄，冲刷土壤，雨后又容易干旱，农作物产量低而不稳。因此，必须采取工程措施，修筑高标准梯田。为了更好地拦截雨水，一般采用沟畦种植技术。这样，就能增加土壤有效水分储量，增加抵御干旱能力，再配上农业耕地措施，如抗旱种子，增施有机肥料，土膜覆盖等，不仅能增加农业产量，且能防止水土流失，减少泥沙对河流的危害。 
2.利用庭院、场院和屋顶面集雨，发展庭院经济 
农户房前屋后和村边地头，一般都有经过碾压的庭院和场院，屋顶面多是水泥石灰土和瓦，为收集雨水创造了条件。根据当地降雨量、降雨强度和集雨面积的大小，在庭院内、场院边或地头修建蓄水设施(水窖和水窑)，汛期拦蓄雨水并存储起来，除解决人蓄饮水之外，还可利用有限的水源发展庭院经济。如种植业、养殖业和小型加工业。实践证明，这是山区人民脱贫致富奔小康的一个有效途径。同时也改善了山区农村的卫生条件，减少疾病，提高了健康水平。 
3.利用坡地、道路集雨，发展大田作物的灌溉 
一般的地区坡地较多，乡间都通柏油路或石子路，还有不少土质的田间路，这些坡地、道路可以直接收集或经过改造后收集雨水。一般土质道路要进行平整碾压，并设置向路边排水的横向坡度。有的荒坡要对原土进行夯实，夯实后的干容重不小于1.5t/m3。若天然集雨面不足时，可修建人工防渗蓄水工程(水窖或水窑)，水窖(旱井)一般蓄水30～50m3，水窑一般蓄水100―200m3，再配上适宜的灌溉系统，即可进行大田作物(粮食、瓜类等)的灌溉，由于水量有限，一般采用灌关键水或救命水的办法。 
4.结合小流域综合治理，发展农林业灌溉 
在山丘地区，结合小流域治理工作，将水土保持和集雨灌溉有机地结合起来，通过集、拦、引、蓄、灌等综合措施，充分利用本流域内的雨水资源，发展大田作物或林地的灌溉，既保护了水土，又促进了山区农林业的发展。 
二、雨水利用的适宜节水灌溉技术 
由于受地形、降雨资源和经济条件的限制，不可能用传统的地面灌水方法和某些节水灌溉方式，也不可能进行充分灌溉，只能实施灌关键水或救命水的局部灌溉方式，最大限度地发挥灌溉水的效益。现介绍几种： 
1.微灌技术 
微灌(包括滴灌、微喷灌、涌泉灌)由于具有省水节能、增产优质、适应性强，可充分利用小水源等特点，最适合雨水利用中采用。由于多以一口窖(窑)为一灌水系统，控制面积不大，规划布置及设计计算较简单，除对面积较大的窖群要统一考虑规划设计外，一般不需繁琐计算。 
(1)选择适宜的微灌形式。根据窖(窑)区地形、土质、作物等情况，选择适宜的灌水方式。对于菜园(包括塑料大棚和日光温室)，适宜用滴灌。对于果园，适宜用滴灌、微喷灌和涌泉灌。蒸发量大的地方，不宜用微喷灌。对于庭院种植的花卉、食用菌等，可考虑用微喷灌。对于粮、棉、瓜类作物，适宜用滴灌。 
(2)选择微灌类形。为节省投资，有条件的地方，首先考虑自压方式，没有自压条件时，根据经济和电源状况，考虑用人工手压泵或微型电泵抽水。根据控制面积、作物种类选用固定式或移动式类型。果园、花卉、食用菌、瓜类等，因行距较宽或灌水次数较多，经济效益又高，一般采用固定式。对于大田粮、棉等密植作物或一些面积较小的庭院种植业，多采用移动式。目前有两种移动模式，即一套微灌系统，2口窖，控制约0.27m2(4亩)地，首部用手压泵作动力；或一套微灌系统，4口窖，控制约0.53hm2(8亩)地，首部用微型电泵作动力。移动时，一条毛管可横向移动数次，一组毛管可移到另一处。对电泵系统，为了不停泵，可备用一组毛管，当一组灌完后，先开备用的一组灌水，再等已停灌的一组毛管水放空后，移到另一处要灌的地方，如此反复移动，直到一口窖(窑)所控制的面积灌完后，再将整套微灌系统移到另一窖(窑)继续灌溉。 
2.抗旱坐水种技术 
北方干旱、半干旱地区，在作物播种时期由于雨水少，土壤墒情差，往往造成出苗晚或缺苗断垅，甚至不出苗，严重影响农业生产。为了保证出全苗、出壮苗，采用一种称为坐水种的方法。作业程序是刨穴(或开沟)、注水、点种、施肥、覆盖和镇压。采用这种方法，可以适时播种，提高播种质量，达到苗齐苗壮的目的，出苗率可达95%以上，并能提高抗旱能力，提高肥效，促进早熟增产。据宁夏试验，玉m可增产16%左右。 
3.地膜集流穴灌技术 
该技术是在抗旱坐水种的基础上进行的，其作业程序为盖膜；放风；放苗至地膜外；将播种坑扩大为30cm直径的锅形集流坑穴；用砂子封闭播种坑；通过锅形集流坑穴的低洼集水作用收集降雨时降到其它部位地膜上的水，达到集流穴灌的目的。 
4.注射灌溉技术 
采用特制的灌水器，直接向根区土壤注水(或水肥溶液)的一种方法。目前宁夏是借用LYJ型追肥枪，安装在农用喷雾器上，依靠喷雾器的打气压力，通过喷咀将水注入到作物根区。其特点：一是灌水、追肥、根区施药可以一次完成；二是适宜干旱地区的果树、瓜类、玉米等稀植作物灌关键水；三是可根据作物长势情况进行定量灌溉，苗期少灌、浅灌、旺盛期多灌、深灌。灌水定额仅2-3m3/0.067hm2，一般每株(处)每次注水0.5～1.0kg。 
5.瓦罐渗灌技术 
瓦罐渗灌的灌水器是用不上釉的粗粘土烧制成，四周有微孔(也有在罐壁按一定间距钻1mm微孔的)，灌水时需人工向罐内注水，水从罐四周微孔渗入，借助土壤毛细管的作用，水渗入到作物的根区。瓦灌埋深30-40cm，底面不打孔，罐壁厚4-6cm，上口加盖，盖中心留一10mm的圆孔，供排气和向罐内注水用。渗水半径随土质不同可达30-40cm。瓦罐制造工艺简单，可就地取材，造价便宜。适宜在株行距较宽的作物，如果树、瓜类、玉米上进行抗旱保苗或关键水用，播种时随即埋上瓦罐，果树应埋设在树冠半径的2/3处。 


                                            ",2016-02-05,雨水集蓄与节水灌溉技术
"
                                                地面灌溉是古老的田间施水技术，但它目前仍是世界上特别是发展中国家广泛采用的一种灌水方法，约占全世界中灌溉面积的90%以上。我国则有98%以上的灌溉面积依然采用传统的地面灌溉技术。鉴于我国水资源与能源短缺，经济实力不足，广大农村地区的技术管理水平较低的现实，大面积推广喷、微灌等先进灌水技术还受到很大的限制，因此在今后相当长的一段时间内，我国还仍须加大田间工程的建设力度，大力研究和推广节水型地面灌水技术。 
一、平整土地，设计合理的沟、畦尺寸与灌水技术参数 
平整土地是提高地面灌水技术和灌水质量，缩短灌水时间，提高灌水劳动效率和节水增产的一项重要措施。结合土地平整，进行田间工程改造，划长畦（沟）为短畦（沟），改宽畦为窄畦，设计合理的畦沟尺寸和入畦（沟）流量，可大大提高灌水均匀度和灌水效率。 
陕西洛惠渠的研究表明，在入畦单宽流量为3-5L/s时，灌水定额随畦长而变，当畦长由100m改为30m时，灌水定额减少150-204m3/hm2；当畦长30-100m时，畦单宽流量从2L/s增加到5L/s，灌水定额可降低150-225m3/hm2。 
宝鸡峡灌区进行深层渗漏的对比试验，灌水定额小于675m3/hm2，基本不发生深层渗漏；灌水定额825-990m3/hm2时，约有150m3/hm2水产生深层渗漏；灌水定额1350m3/hm2时，有一半水成为深层渗漏水。 
我国幅员辽阔，各地地形和土质差异较大，因此难有统一标准，各地应根据田间试验结果，建立计算机模型，通过实验和计算机模拟，给出适合本地的适宜畦沟尺寸和灌水技术参数。 
二、改进地面灌溉湿润方式，发展局部湿润灌溉 
改进传统的地面灌溉全部湿润方式，进行隔沟（畦）交替灌溉或局部湿润灌溉，不仅减少了课间土壤蒸发占农田总蒸散量的比例，使田间土壤水的利用效率得以显著提高，而且可以较好地改善作物根区土壤的通透性，促进根系深扎，有利于根系利用深层土壤储水，兼具节水和增产双重特点，值得大力推广。实践证明，春小麦与春玉米套种隔畦灌，棉花、玉米等宽行作物隔沟灌或隔沟交替灌，湿润面积可减少50%，节水高达30%以上，膜上灌是我国在地膜覆盖栽培技术的基础上发展起来的一种新的地面灌溉方法。它是将地膜平铺于畦中或沟中，畦、沟全部被地膜覆盖，从而实现利用地膜输水，并通过作物的放苗孔和专业灌水孔入渗给作物的灌溉方法。由于放苗孔和专业灌水孔只占田间灌溉面积的1%～5%，其他面积主要依靠旁侧渗水湿润，因而膜上灌实际上也是一种局部灌溉。目前，新疆采用膜上灌的农田已达23.33公顷，甘肃、河南等省也开始推广。膜上灌形势有开沟扶埂膜上灌、培埂膜上灌、膜孔灌、沟内膜上灌、膜缝灌、格田膜上畦灌、膜侧膜上灌等多种。膜上灌作物有棉花、蔬菜、玉米、小麦等。地膜栽培和膜上灌结合后具有节水、保肥、提高地温、抑制杂草生长和促进作物高产、优质、早熟等特点。生产试验表明：膜上灌与常规沟灌相比，棉花节水40.8%，增产皮棉5.12%，霜前花增产15%；玉米节水58%，增产51.8%；瓜菜节水25%以上。由于膜上灌是一种新的灌水技术，还有许多不成熟和不完善的地方，对其技术机制、技术要素及其设计方法都需要进一步研究。 
三、新的节水技术 
1.污水喷灌技术 
利用污水喷灌是将污水处理与农业用水结合起来的一种污水处理方式，同时又是一种开源节流的灌溉方式。喷灌净化污水，就是将污水喷洒在田里，利用土壤、微生物和作物来分解污水中的一些成分，并使部分水蒸散到大气中，部分水经土壤净化后渗透泄出再利用。 
在利用污水喷灌时，应先对污水进行沉淀、筛滤，除去固体污物，有的还需加入消毒杀菌剂。污水灌的作物应以除蔬菜以外的经济作物为主，对于谷类作物最好只用于作物生育前期，在作物收获前一段时间应停止污水灌。污水灌的土壤以砂壤土、壤土和壤质砂土为好，水量应结合作物的种类和生育期确定，如在作物苗期、早春和晚秋应少灌。实施污水灌要防止大定额灌溉，以免造成地表及地下径流，灌溉强度以不造成土壤粘闭和不产生地表径流为原则。如污水水质不符合灌溉水质标准时，可采用清水污水混合方法，使混合后的水质符合灌溉要求后再进行喷灌。此技术较复杂，最好在专家指导下运用。 
2.咸水灌溉技术 
咸水灌溉技术主要包括不同水质的水混灌和轮灌，此外，还有依据电渗透作用原理利用地下咸水灌溉的技术。 
混灌是将两种不同的灌溉水混合使用，包括咸淡混灌、咸碱(低矿化碱性水)混灌和两种不同盐渍度的咸水混灌，目的是降低灌溉水的总盐渍度或改变其盐分组成。混灌在提高灌溉水水质的同时，也增加了可灌水的总量，使以前不能使用的碱水或高盐渍度的咸水得以利用。 
轮灌是根据水资源分布、作物种类及其耐盐性和作物生育阶段等交替使用咸淡水进行灌溉的一种方法。如旱季用咸水，雨后有河水时用淡水；强耐盐作物(如棉花)用咸水，弱耐盐作物(如小麦、玉米、大豆)用淡水；播前和苗期用淡水，而在作物的中、后期用咸水。轮灌可充分、有效地发挥咸淡水各自的作用和效益。 
奥地利研究人员利用电渗透作用原理研制出一种灌溉系统，该系统使地下水经土壤毛细管及各种孔隙上升到地表层，同时从聚集于电极周围的某些盐类中游离出净水，上升到地表层供作物利用。其设备是由两组电极组成，将一组装有正电极的金属管打入地下水位以下，另一组为负电极的导体栅网，埋于与植物根部深度相等的地方。根据土质结构及土壤含盐量，接通2～12V电源，就会在两极间建立直流电场，产生电渗透效果。这种灌溉系统适用于地下水较丰富的干旱区果园、草坪及固沙植物等。 
3.利用空气中的水分进行灌溉 
利用空气中的水分进行灌溉就是通过一定的设施来收集空气中的水分，直接供给植物利用或汇集到蓄水池中以供灌溉之用。德国研究人员用一圆筒来收集空气中的水分，其内壁涂有吸聚阳光热的涂料，圆筒与若干个喷嘴管连接，将喷嘴管埋在两行植物根部之间。白天高温烤热的空气经圆筒进入喷嘴管里，到了夜间降温时，空气中的水分就凝结成了露水珠而流到作物的根部。秘鲁的研究人员沿海岸垂直张挂一些大型尼龙网，以吸聚雾气，待雾变为水后流进蓄水池，以供沿海滩涂灌溉之用。智利的科研人员利用沙漠地区的云雾来改造沙漠，他们在巨大的框架上面安装由聚丙烯塑料制成的双层网来“捕捉”云雾，云雾在网上凝结成水，汇集到贮水池中，以供种植的林草或天然沙生植物的灌水之用。 
对于沙漠地区和缺乏淡水的沿海地区，利用空气中的水分进行灌溉是一种可取的方法，但如何降低成本，提高效率和实用性是今后应着重解决的问题。 
以上介绍的几种新的节水灌溉技术可供各地在发展节水灌溉时因地制宜地选择使用。 


                                            ",2016-02-05,节水地面灌溉技术及几种新的节水灌溉技术
"
                                                1、为什么说我国是一个贫水国家？ 
我国的水资源总量为2.8亿方，排名世界各国的第六位，但我国人口占世界总人口的五分之一还多。现状人均占有水资源量仅2200 方，不足世界人均数的四分之一，排在一百位之后，而且我国水资源在时间和空间的分布还极不均匀，南方多，北方少、。海河流域人均水资源量仅占几百立方米，远低于世界贫水国家的平均水平。2030年，我国人口增至16亿峰值时，人均水资源将降到1760 方 ，按国际上一般承认的标准，人均1760 方 为用水紧张的国家，所以，我国被列为世界上十三个贫水国之一。 
2、、为什么说我国水资源在时间、空间上分布不均衡，水土资源不匹配？ 
我国水资源在分布上具有时、空分布不均衡和水、土资源组合不平衡的显著特征。总体来说，南方水多、人多、地少；北方地多、人多、水少。我国北方地区耕地面积占全国的58%，水资源量仅占全国水资源量19%；而南方地区耕地面积占全国的42%，水资源量占全国81%。北方水少地多。水土资源极不匹配。造成我国旱涝灾害频繁，北方地区极度缺水。 
我国水资源在时间分布上变化很大，水旱灾害频繁。由水循环可知，自然界的水循环在时间上的变化很不稳定，因此水资源在时间分配上具有不均匀性。尤其是我国位于世界著名的东亚季风区，属显著的大陆性季风气候，因此降水量和径流量的年内年际变化都相当大，而且贫水地区的变化一般大于丰水地区。据统计，全国大部分地区连续最大四个月降水量占全年的70%左右。南方大部分地区连续最大四个月径流量占全年径流量的60%左右，华北、东北的一些地区可达全年径流量的80%以上。 
3、为什么说农业灌溉是用水大户？ 
近几年，我国全国总供水量大约在5500亿立米左右，灌溉用水量大约在3600亿立方米，占全国总供水量的65%左右。2004年全国总用水量为5547.8亿方，其中工业用水1228.9亿立方，占总用水量的22.2%；生活用水651.2亿立米，占总用水量的11.7%；生态用水82亿立方米；农业用水为3585亿方，其中：农业灌溉用水量占农业总用水量的90%，占全国总用水量的63%。农业灌溉用水量占各行业总用水的60%以上，是名附其实的用水大户。 
4、如何缓解我国农业灌溉缺水问题？ 
我国农业灌溉用水是主要用水大户，随着社会经济的发展及人民生活水平的提高，工业、人民生活用水量将不断增加，农业用水总量不会有大的增加，解决我国农业灌溉缺水问题必须要通过发展节水灌溉，农业内部挖潜来解决。 
5、为什么说今后国家或地区间的争端主要源于水？ 
现在整个世界有能源、水源、食物、人口等多种危机，其中危机程度最严重、影响最广的是水资源的相对短缺。因为水首先是人类生存的必要条件，其次水是农业、国民经济的命脉，对于一个国家或地区而言，经济越是发展水也越显不足。因此今后国家或地区间的争端有可能主要表现在对于水的争夺或占有上。 
6、今后分配给农业的用水量比例会逐年增加吗？ 
我国和世界上其他国家一样，随着国民经济的快速发展和城市化率的不断提高，用于工业和城市生活、环境的水必然越来越多，那么用于农业生产的水量必然不会增加。在五六十年代我国农业用水占社会总用水量的85%以上，而进入七十年代农业用水量占80%左右，而现在的农业用水量已不足70%，预计今后其比重还会降低.不会逐年增加。 
7、农业用水不增加还能提高我国农业综合生产能力吗？ 
随着经济的发展、人口的增加、社会的进步、工业和城市用水量的激增，农业灌溉用水量占全国总用水量的比重已从70年代的80%左右降到目前的60%左右，且仍有下降趋势，农业用水供需矛盾日益突出。但一方面农业缺水，另一方面农业用水浪费现象又普遍存在，我国目前的农业用水有效利用率只有45%，也就是说有一多半的水在输送和灌溉过程中被白白浪费掉了，不能被农作物利用。而先进国家农业灌溉水的有效利用率高达70%～80%以上；我国单方水粮食生产能力只有1公斤左右，而先进国家为2公斤，以色列达2.35公斤。也就是说我国目前的农业灌溉用水利用率、生产效率都很低，若大采用先进的节水灌溉技术措施，将水的利用率提高到60%的话，其灌溉面积可是现在的1.5～1.3倍。因此，通过推广节水灌溉技术，水少了仍可增加灌溉面积，提高灌溉水的保证率，提高我国的农业综合生产能力。 
8、什么是节水灌溉 
根据作物需水规律和当地供水条件，高效利用降水和灌溉水，以取得农业最佳经济效益、社会效益和生态环境效益的综合措施。也就是说，节水灌溉包括技术、管理、经济等综合措施，非一单项手段。 
9、节水灌溉究竟要节哪些水？ 
将灌溉水自水源输送到农田，满足作物的需要，可以分为三个环节，即通过输配水系统把水送到田间；在田间为作物所利用；作物吸收的水通过光合、蒸腾作用最后产出收获量。节水灌溉在这三个环节中都有水可节。即减少输配水损失；在田间减少深层渗漏和株间蒸发；在第三个环节中，提高水分的产出率也是节水。 
10、节省灌溉水的途径有哪些？ 
采用各种防渗措施和管道输水，再加上加强管理可以减少输配水损失。采用节水的灌水技术，如小畦灌、喷滴灌、水稻控制灌溉等可减少田间损失。采取节水灌溉制度和农业措施可提高水的产出量。以上措施都要硬件和软件相结合，才能效果更佳。 
11、农业节水可以从那些方面入手？ 
节水灌溉措施有多种分类方法。这里，首先将节水灌溉措施划分为工程类措施、管理类措施和农艺措施三大类。其中工程类措施又可进一步划分为三类：渠系输水节水措施、田间灌水节水措施。渠系节水措施通常又分为渠道防渗措施和管道化输水措施。田间灌水节水措施通常又可分为改进地面灌水技术、推广喷灌技术和微灌技术。改进地面灌水技术通常又包括平整土地、大畦改小畦、长畦改短畦、间歇灌（或称波涌灌）、膜上灌和膜下灌等多种节水灌溉措施。管理类节水措施通常分为六类，分别为：改进灌溉制度、建立节水技术服务体系、改进水源管理、改革水管理体制、政策与法规、制定合理水价标准与水费计收办法。其中每一类又包括1～3项管理节水措施。农艺节水措施通常包括适水种植、深耕或保护性耕作、覆盖保墒和作物栽培等技术。 
12、什么是工程节水灌溉措施？ 
凡是以工程形式达到节水目的的灌溉措施都称作工程节水措施，如渠道衬砌、管道输水灌溉、低压管道灌溉、喷灌、微喷灌等。 
13、什么是农艺节水措施？ 
农艺节水措施包括调整作物种植结构，如我国北方适当减少耗水量大的水稻、小麦等的种植面积；采用耐旱节水品种；加强耕作覆盖，如秸秆覆盖、塑膜覆盖等；施用化学保水剂；推行节水灌溉制度；其它耕作技术等等。 
艺节水措施包括调整作物种植结构，如我国北方适当减少耗水量大的水稻、小麦等的种植面积；采用耐旱节水品种；加强耕作覆盖，如秸秆覆盖、塑膜覆盖等；施用化学保水剂；推行节水灌溉制度；其它耕作技术等等。 
14、什么是管理节水措施？ 
管理节水灌溉措施主要指在灌溉管理环节上对用水计划、配水计划、渠道工作制度和工作顺序等方面通过科学管理、合理调度达到减少损失、节约用水的目的。 
15、三大节水措施的关系 
工程节水措施是基础，农艺措施是关键，管理措施是保障，工程节水措施其主要作用是减少灌溉水输、配水、田间灌溉过程中的浪费，提高灌溉水的利用率和利用效率；农艺节水措施主要是降低水分蒸发，提高农作物产量和品质；管理措施的主要作用是为实施上两项措施提供组织和制度上的保障。三类节水措施应紧密结合，相辅查成，形成完整的节水技术体系。 
16、为什么在灌溉中强调安装量测水设施？ 
量测水设施是实施管理节水的基础，是灌溉管理者和用水户了解用水状况的工具，是控制灌溉用水量和按用水量与成本计收水费的水的衡量手段。也是实现按方收费的必要设施。为加强用水管理，必须安装量测水设施。 
17、减少输水损失有哪些措施？ 
减少输水损失的方法主要有渠道衬砌防渗、低压管道输水等措施。 
18、渠道防渗的方式有那几种？ 
我国渠道防渗的方式主要有：混凝土衬砌防渗、砌石防渗、沥青防渗、粘土及塑料薄膜防渗等多种形式。 
19、渠道衬砌的形式如何选择？ 
我国在小型渠道上已普遍推广U型断面形式，在大、中型渠道上多采用梯形断面，并将逐渐推广采用弧形坡脚梯形断面和弧形底梯形断面。 
U型断面防渗渠道系采用底部为半圆或弧形、上部为一定倾角的直线段的断面形式。近年来，有些灌区结合当地实际对U型断面进行了改进，采用抛物线型断面，比U型断面更接近于最优过水断面。U型断面混凝土衬砌渠道较梯形渠道每公里输水损失小3.7%，较土渠可以减少渗漏损失97%，防渗效果最好；它近似于最佳水断面，水流条件好、流速快、输水输沙能力强；它抗冻害性能较高，冻害程度仅为梯形渠的1/3～1/4，便于管理，投资少，现已在陕西、山西、北京、河南等省（市）的小型渠道上大量推广。 
（2）弧形坡脚梯形断面或弧形底梯形断面防渗渠道 
此种渠道的优点是：较梯形断面流速分布均匀，近似最佳水断面，流速较快；改善了防渗渠道冻胀变形分布的不均匀性，且渠底有一定的反拱作用，故可以减轻冻害，减少裂缝和错台现象，造价较低，其边坡的稳定性较高，可用于大、中型防渗渠道。 
20、什么是低压管道输水灌溉？ 
低压管道输水灌溉是指在井灌区，通过抽水设备（水泵）给灌溉水体施加少量压力，并通过管道直接将水送到田间的一种灌溉技术。该项工程技术从80年代起在我国华北地区发展迅速。 
21、低压管道输水灌溉是完全的节水灌溉吗？ 
低压管道输水只是解决输水过程中的节水问题，所以还不是完全的节水灌溉。 
22、如何选择输水管道的形式和材料？ 
管道输水形式分为有压、无压、固定和移动等多种方式。应根据实际情况（地形、地势、水源、作物等）进行合理选择。用于输水的管材有：铸铁管、钢管、钢筋混凝土管、石棉水泥管、塑料管、水泥土管等。应根据各种管材的实用性和价格等因素进行合理选择。目前，塑料管是应用最广泛的一种管材。 
23、渠灌区中哪级渠道可用管道代替？ 
管道输水中设计管径一般采用已生产的管径规格，为了运行经济，按经济流速法或限定流速法来确定管径。某级渠道能否用管道代替，要根据渠道流量和上述方法确定管径，如果在已生产的各类管道中有相近的管径规格即可用管道来代替该级渠道的输水，否则是不经济的。对多泥沙水源要考虑泥沙处理问题。 
24、田间节水灌溉方式有哪几种？ 
田间灌溉方式有地面灌溉（包括渠道防渗、管道输水加水田格田灌，北方旱作物多采用短畦灌和短沟灌）、喷灌、滴灌、膜上灌、波涌灌等多种形式。 
25、什么是田间闸管系统？ 
为了保证畦灌的灌水质量，首先应当控制入畦流量和放水时间。我国农村现在多数是由人工开口并放水。这样，不但劳动量大，而且开口大小不易掌握，使得入畦流量控制不准，水流还容易冲大水口。因此，现在世界上许多先进国家已广泛采用闸门孔管或虹吸管来进行配水。 
闸门孔管就是一种移动管道，在管道一侧每隔一定距离就有一个装有小闸门的孔口。使用时放在畦首，孔口对着畦。每个畦可以有一个或几个孔口供水，当畦比较宽时，每个畦的供水口最好为两个以上，以保证在靠近畦首的畦中横向水量分布比较均匀。孔口的开度可以根据要求的入畦流量来确定。孔口间距根据畦宽来确定。闸门孔管多数是铝合金管，但也可以用塑料管。还有用薄塑料做的闸门孔管，和我国用于输水的所谓“小白龙”相似，只是它装有许多闸门孔用来配水就是了。但其闸门孔口还是要用硬塑料制造后压到薄膜塑料管上去。闸门孔管工作时要求有一定的压力，因此一般应与低压管道输水系统配合使用。 
26、大畦、长沟有何不好？ 
在选用畦、沟灌溉时，若畦块规格选择不合规则，会浪费水量。畦的宽度过大，则进入畦内的单宽流量小，畦内流速小，下渗水量就会增加，如果畦的长度过长则靠近进水口一段受水时间过长，下渗水量也会增加，造成水量浪费。长沟灌也有灌水不均，下渗量大的问题。 
27、根据什么确定畦长畦宽？ 
实施畦灌方法，要注意提高灌水技术，要根据地面坡度、土地平整情况、土壤透水性能、农业机具等因素合理地选定畦田规格和控制入畦流量、放水时间等技术要素。一般自流灌区畦长30～100米；畦宽应按照当地农业机具宽度的整倍数确定，一般为2～4米，每亩约5～10个畦田。入畦单宽流量一般控制在3～6升/秒/米左右，以使水量分布均匀和不冲刷土壤为原则。畦田的布置应根据地形条件变化，保证畦田沿长边方向有一定的坡度。一般适宜的畦田田面坡度为0.001～0.003之间。如地面坡度较大，土壤透水性较弱，畦田可适当加长，入畦流量适当减小；如地面坡度较小，土壤透水性较强，则要适当缩短畦长，加大入畦流量，才能使灌水均匀并减少深层渗漏。灌水技术要素之间的正确关系，应根据总结实践经验或分析田间试验资料来确定。 
28、沟长又是怎样确定的？ 
灌水沟的长度应根据当地的地面坡度、土壤渗水性、土地平整状况和入沟流量等多种因素合理确定。封闭沟灌入口流量一般为0.7～2.0升/秒，此时，沙壤土沟长约为30～50米，粘壤土沟长为50～80米。细流沟灌单沟流量一般为0.2～0.4升/秒。沟长应在60～120米之间（坡陡沟长，坡缓沟短）。 
29、什么是涌灌？有那些优点？ 
涌灌又称涌泉灌溉。是通过置于作物根部附近开口的小管向上涌出的小水流或小涌泉将水灌到土壤表面。灌水流量较大（但一般也不大于220升/小时），远远超过土壤的渗吸速度，因此通常需要在地表形成小水洼来控制水量的分布。适用于地形平坦的地区，其特点是工作压力低，与低压管道输水的地面灌溉相近，出流孔口较大，不易堵塞。 
30、什么是田间覆盖技术？ 
采用秸秆粉碎后还田（撒在田面上），或用塑料薄膜覆盖地面，用来减少土壤无效蒸发达到节水目的的技术，称为田间覆盖技术。 
31、什么是喷灌？ 
喷灌是利用专门设备将有压水送到灌溉农田，并喷射到空中散成细小的水滴，象天然降雨一样进行灌溉。其突出优点是对地形的适应性强，机械化程度高，灌水均匀，灌溉水利用系数较高，尤其是适合于透水性强的土壤，并可调节空气湿度和温度。但基础建设投资较高，而且受风的影响大。 
32、喷灌有那些优点？ 
喷灌的优点很多，概括起来可用下面24个字表述，即：节约用水，少占耕地，节省劳力，保持水土，适应性强，提高产量。 
33、喷灌为什么能节水？ 
由于喷灌不同于其他传统的地面灌溉方式，它是将压力水通过喷头，象降雨一样喷洒向地面，因此可以严格控制喷洒水量，不会造成因土壤含水量过大而产生深层渗漏和大量的棵间蒸发，所以喷灌能够节水，而且由于喷灌可以保证作物根系层土壤水分含量适宜，不致过湿过干，且可以改变田间小气候，还能使作物增产。 
34、为什么刮大风时必须停止喷灌？ 
喷灌有一个明显的缺点，就是其喷洒均匀度受风的影响较大。当刮大风时，如果进行喷灌作业，则其灌溉质量没有保证。另外风大时喷灌水滴在空中的漂移蒸发损失也会大大增加。因此，当刮大风时，必须停止喷灌作业。 
35、为了减少风的不利影响，在设计时应选择何种类型的喷头？ 
当喷灌灌区多风时，为了减小风对喷灌均匀度的影响，在选择喷头时应采用抗风性较好的低仰角喷头。 
36、喷灌工程有那几种形式？ 
喷灌工程分类方法有多种，管道式喷灌工程有：①固定管道式喷灌系统，②半固定管道式喷灌系统，③移动管道式喷灌系统（机组式）。 
37、采用喷灌需具备哪些条件？ 
喷灌是一种先进的灌溉技术，其建设投资和运行费用都较昂贵，技术要求高，因此采用喷灌应具备如下一些条件： 
①要有一定的能源条件。 
对于机压喷灌系统，由于需要加压才能进行喷灌，因此要有能源条件，如电、油料等。 
②要有一定的交通条件。 
③要有经过培训的技术、管理人员。 
由于喷灌技术含量高，涉及面广，其运行管理要由专门的、受过培训的人员来管理。 
④要有专业化的施工队伍。 
因喷灌系统工作压力较高，隐蔽工程较多，施工和设备安装质量的好坏直接关系着工程能否正常运行、设备能否正常发挥，因此，喷灌工程要由专业队伍（专业人员）进行施工和设备安装。 
38、喷灌工程首部包括那些设备？ 
喷灌工程首部包括：加压设备（水泵、动力机），计量设备（流量计、压力表），控制设备（闸阀、配电柜），安全保护设备（空气阀，安全阀、逆止阀）等设备。 
39、喷灌管道如何选择？ 
喷灌管道是喷灌工程的主要组成部分，管材必须保证在规定工作压力下不发生开裂、爆管等现象，工作安全可靠。此外，还要求管材及附件价格低廉，使用年限长，内壁光滑，安装施工容易。由于管道在喷灌工程中需用的数量较多，占投资比重较大，因此，必须因地制宜、经济合理地选用管材及附件。喷灌管道按使用方式可分为固定管道和移动管道；按材质可分为金属管和非金属管两大类，非金属管又分为脆性管和塑料管。目前可供喷灌选择的管材主要有钢管、铸铁管、钢筋混凝土管、石棉水泥管、塑料管、薄壁铝合金管、薄壁镀锌钢管及涂塑软管等。其中，塑料管道和薄壁铝合金管道应用最为广泛。 
40、起伏地形的地埋管为什么要安装排气阀和�水阀？ 
当地埋管道遇有起伏地形（地面高低不平，相差较大的地形）时，管道一般随地形起伏。为避免高处管道存有空气，恶化管内水流条件，应在高处设排气阀，使管内空气从排气阀及时排出。另外，为防止管内积水冻坏管道，应在低处安装泄水阀，以便进入冬季时放空管道。 
41、喷灌管道系统中那些地方要安装安全阀和快速空气阀？ 
管道系统开始工作时，在系统的最高位置和管道隆起的顶部常会积累一部分空气，既使开始时没有空气，水在流动过程中也会分离出空气。这些空气在高处无法排除，一方面影响了过水面积，另一方面，当水流流速变大时，又会带动一部分空气在管内移动而发生水力冲击。为消除这种现象，这些部位应当安装空气阀，在系统充水时将空气排出，并在管内充满水后自动关闭。水中分离出的空气，积累到一定程度后空气阀将再次自动打开，将气排出。 
在有地埋管的喷灌系统中，要在各级管道的最低处或管道下凹处按装排水阀，以便冬季不用时放空管道余水，防止冻胀破坏。 
42、压力管道系统主闸阀的开启和关闭为什么要缓慢进行？ 
压力管道系统工作时管内承受较大内水压力，流速较快，如果遇有停电、事故、主闸阀关闭太快等情况时，会产生水锤现象使管道爆裂，破坏系统的整体性，因此，压力管道系统的主闸阀在开启和关闭时要缓慢进行，延长启闭时间，避免水锤的发生。 
43、常用的喷头有哪些？ 
喷头（又称为喷灌器）是喷灌机与喷灌系统的主要组成部分。它的作用是将有压的集中水流喷射到空中，散成细小的水滴并均匀地散布在它所控制的灌溉面积上，因此喷头的结构形式及其制造质量的好坏直接影响喷灌的质量。 
喷头的种类很多，按其工作压力及控制范围大小可分为低压喷头（或称近射程喷头）、中压喷头（或称中射程喷头）和高压喷头（或称远射程喷头）。按照喷头的结构形式与水流形状可分为旋转式、固定式和孔管式三种。 
1．旋转式喷头，包括： 
(1)摇臂式喷头，其喷头的转动机构是一个装有弹簧的摇臂。 
(2)叶轮式喷头（又称涡轮涡杆式喷头）。 
(3)反作用式喷头，就是利用水舌离开喷嘴时对喷头的反作用力直接推动喷管旋转。 
2．固定式喷头，也称为漫射式喷头或散水式喷头，它的特点是在喷灌过程中所有部件相对于竖管是不动的，而水流是在全圆周（扇形）同时向四周散开。 
(1)折射式喷头 
(2)缝隙式喷头 
(3)离心式喷头 
3．孔管式喷头，是由一根或几根较小直径的管子组成，在管子的顶部分布有一些小喷水孔，喷水孔直径仅为1～2毫米。有的孔管是一排小孔，水流是朝一个方向喷出，并装有自动摆动器，使管子往复摆动，喷洒管子两侧的土地；也有的孔管有几排小孔，以保证管子两侧都能灌到，这样就不要自动摆动器，结构比较简单，要求的工作压力低（1-2公斤压力）。 
44、采用喷灌技术关键在哪里？ 
我国曾先后进行过两次喷灌技术的推广，先是由于技术不成熟而失败，后因设备不过关而夭折。现在又在进行第三次大面积推广喷灌。根据几年来的试点推广效果看，应该说现在无论是从技术上还是设备性能、质量上都已经过关。推广成功与否的关键在把好设计关和抓好运行管理工作。 
45、管道式喷灌的亩投资要多少？ 
管道式喷灌工程因建设的地区和条件不同，其亩投资也不一样。根据各地的实践经验，全固定管道式喷灌系统亩投资一般在1000～1500元之间；半固定管道式喷灌系统的亩投资约在300～500元；轻小型机组式喷灌每亩投资约为100～200元。 
46、如何使建成的喷灌工程发挥应有的作用？ 
已建成的喷灌工程如果设计没有问题，那么能否发挥其应有的作用关键在于管好用好该项工程。也就是说要按既定灌溉制度和喷灌作业制度使用喷灌工程。同时要注意设备的管理、使用、保养和维修。 
47、什么是微灌？有那些形式？ 
微灌，即是按照作物的需水要求，通过低压管道系统与安装在末级管道上的特制灌水器，将水和作物生长所需的养分以较小的流量均匀、准确地直接输送到作物根部附近的土壤表面或土层中的灌水方法。与传统的地面灌溉和全面积都湿润的灌溉相比，微灌只以少量的水湿润作物根区附近的部分土壤，因此又叫局部灌溉。 
微灌的特点是灌水流量小，一次灌水延续时间较长，灌水周期短，需要的工作压力较低，能够较精确地控制灌水量，能把水和养分直接地输送到作物根部附近的土壤中去。 
按灌水时水流出方式的不同，可以将微灌分为如下四种形式：滴灌、微喷灌、涌泉灌和渗灌。 
48、微喷灌有那些优缺点？适用于何种场合？ 
微喷灌的优点与一般喷灌相比有压力低、动力小、适应性强、雾化程度好、喷灌强度小等。一般情况下适用于蔬菜、果树、苗圃、花卉、环境草坪等场合。 
49、什么是滴灌？有那些优缺点？ 
滴灌是通过安装在毛管上的滴头、孔口或滴灌带等灌水器将水一滴一滴地、均匀而又缓慢地滴入作物根区附近土壤中的灌水形式。由于滴水量小，水滴缓慢入土，因而在滴灌条件下除仅靠滴头下面的土壤水分处于饱和状态外，其他部位的土壤水分均处于非饱和状态，土壤水分主要借助毛管张力作用入渗和扩散。具有以下优点： 
（1）省水 
滴灌系统全部由管道输水，很少有沿程渗漏和蒸发损失；滴灌属局部灌溉，灌水时一般只湿润作物根部附近的部分土壤，灌水流量小，不易发生地表径流和深层渗漏；另外，滴灌能适时适量地按作物生长需要供水，较其他灌水方法，水的利用率更高。 
（2）节能 
滴灌的灌水器在低压条件下运行，一般工作压力为5-15米水头（0.5-1.5公斤）即可，比喷灌低；又因滴灌比地面灌溉省水，灌溉水利用率高，对提水灌溉来说这意味着减少了能耗。 
（3）灌水均匀 
滴灌系统能够做到有效地控制每个灌水器的出水量，灌水均匀度高，均匀度一般高达80～90%。 
（4）增产 
滴灌能适时适量地向作物根区供肥，有的还可以调节棵间的温度和湿度，不会造成土壤板结，为作物生长提供了良好的条件，因而有利于实现高产稳产，提高产品质量。许多地方的实践证明，滴灌较其他灌水方法一般可增产30%左右。 
（5）对土壤和地形的适应性强 
滴灌系统的灌水速度可快可慢，对于入渗率很低的粘性土壤，灌水速度可以放慢，使其不产生地表径流；对于入渗率很高的沙质土，灌水速度可以提高，灌水时间可以缩短或进行间歇灌水，这样做既能使作物根系层经常保持适宜的土壤水分，又不至于产生深层渗漏。由于滴灌是压力管道输水，不一定要求对地面整平。 
（6）在一定条件下可以利用咸水资源 
滴灌可以使作物根系层土壤经常保持较高含水状态，因而局部的土壤溶液浓度较低，渗透压比较低，作物根系可以正常吸收水分和养分而不受盐碱危害。实践证明，使用咸水滴灌，灌溉水中含盐量在2～4克/升，作物仍能正常生长，并获得较高产量。 
但是利用咸水滴灌会使滴水湿润带外围形成盐斑，长期使用会使土壤恶化，因此，在干旱和半干旱地区，在灌溉季节末期应用淡水进行洗盐。 
（7）节省劳动力 
滴灌系统不需平整土地，开沟打畦，可实行自动控制，大大减少了田间灌水的劳动量和劳动强度。 
但是，滴灌同时又存在以下缺点 
（1）易于引起堵塞 
灌水器的堵塞是当前滴灌应用中最主要的问题，严重时会使整个系统无法正常工作，甚至报废。引起堵塞的原因可以是物理因素、生物因素或化学因素。如水中的泥沙、有机物质或是微生物以及化学沉凝物等。因此，滴灌对水质要求较严，一般均应经过过滤，必要时还需经过沉淀和化学处理。 
（2）可能引起盐分积累 
当在含盐量高的土壤上进行滴灌或是利用咸水滴灌时，盐分会积累在湿润区的边缘，若遇到小雨，这些盐分可能会被冲到作物根区而引起盐害，这时应继续进行滴灌。在没有充分冲洗条件下的地方或是秋季无充足降雨的地方，则不要在高含盐量的土壤上进行滴灌或利用咸水滴灌。 
（3）可能限制根系的发展 
由于滴灌只湿润部分土壤，加之作物的根系有向水性，这样就会引起作物根系集中向湿润区生长。另外，在没有灌溉就没有农业的地区，如我国西北干旱地区，应用滴灌时，应正确的布置灌水器。 
总之，滴灌的适应性较强，使用范围较广，各地应根据当地自然条件、作物种类等因地制宜地选用。 
50、如何选择滴头和滴灌带？ 
滴灌设计时滴头或滴灌带的选择很重要。应根据作物种类、土壤性质等结合试验进行选择。大田作物和蔬菜可选用流量0.5～1.0升/小时，工作压力0.3公斤左右的滴头或滴灌带，果树可选用流量2～4升/小时，工作压力1公斤左右的滴头或滴灌带。 
51、微灌使用管道有那些？ 
针对一般微灌工程大多采用塑料管的特点，结合管网等级分类，重点介绍塑料管道。对仅限于大型微灌工程中引、输水主管道所采用的其他材质的管道，只作简要介绍。 
1．塑料管 
用于微灌系统的塑料管主要有三种：聚乙烯管、聚氯乙烯管和聚丙乙烯管。塑料管道具有抗腐蚀、柔韧性较高，能适应土壤较小的局部沉陷，内壁光滑、输水摩阻糙率小、比重小、重量轻和运输安装方便等优点，是理想的微灌用管道。管道规格多种多样，国外已生产出内径为300毫米以上的大口径塑料管，我国已生产出内径为200毫米的较大口径聚氯乙烯管供工农业生产使用。用于微灌系统的塑料管规格一般在内径100毫米以下。塑料管的主要缺点是易老化，这是因阳光照射作用引起的。由于微灌管网系统大部分埋入地下一定深度，老化问题已得到较大程度的克服，因而延长了使用寿命，埋入地下的塑料管使用寿命一般达20年以上。 
⑴聚乙烯管（PE） 
聚乙烯管有高压低密度聚乙烯管为半软管，管壁较厚，对地形适应性强，是目前国内微灌系统使用的主要管道。低压高密度聚乙烯管为硬管，管壁较薄，对地形适应性不如高压聚乙烯管。 
微灌用高压聚乙烯管材是由高压低密度聚乙烯树脂加稳定剂、润滑剂和一定比例的炭黑经制管机挤出成型。其密度为0.92～0.94。它具有很高的抗冲击能力，重量轻，柔韧性好，耐低温性能强（－70℃），抗老化性能比聚氯乙烯管材好。但不耐磨，耐高温性能差（软化点为92℃），抗张强度较低。 
为了防止光线透过管壁进入管内，引起藻类等微生物在管道内繁殖，增强抗老化性能和保证管道质量，要求聚乙烯管为黑色，外观光滑平整、无气泡、无裂口、沟纹、凹陷和杂质等。管道同一截面的壁厚偏差δ不得超过14%。 
⑵聚氯乙烯管（PVC） 
聚氯乙烯管道是用聚氯乙烯树脂与稳定剂、润滑剂配合后经制管机挤出成型。它具有良好的抗冲击和承压能力，刚性好。但耐高温性能较差，在50℃以上时即会发生软化变形。因属硬质管道，韧性强，对地形适应性不如半软性高压聚乙烯管道。 
微灌用聚氯乙烯管材一般为灰色。为保证使用质量要求，管道内外壁均应光滑平整，无气泡、裂口、波纹及凹陷，对管内径D为40～200毫米的管道的挠曲度不得超过1%，不允许呈S形。管道同一截面的壁厚偏差δ不得超过14%。 
2．其他管道 
(1)铸铁管 
铸铁管一般可承受9.8-10公斤（980～1000kPa）的工作压力。优点是工作可靠，使用寿命长。缺点是输水糙率大，质脆，单位长度重量较大，每根管长较短（4～6米），接头多，施工量大。在长期输水后发生锈蚀作用在管壁生成铁瘤时管道糙率增大，不仅降低管道输水能力，而且含在水中的铁絮会堵塞灌水器，对滴头堵塞尤为严重。因此，在微灌工程中，铸铁管只能用在主过滤器以前作为骨干输水管用，严禁用于田间输配水管网系统。铸铁管的规格及连接方法请参考有关资料，此处省略。 
(2)钢管 
钢管的承压能力最高，一般达14-60公斤（1400～6000kPa），与铸铁管相比它具有管壁薄，用材省和施工方便等优点。缺点是容易产生锈蚀，这不仅缩短了它的使用寿命，而且也能产生铁絮物引起微灌系统堵塞，因此在微灌系统中一般很少使用钢管材，仅限于在主过滤器之前作高压引水管道用。钢管种类及规格此处从略。 
(3)钢筋混凝土管 
钢筋混凝土管主要有承插式自应力钢筋混凝土管和预应力钢筋混凝土管两种。钢筋混凝土管能承受4-7公斤（400～700kPa）的工作压力。优点是可以节约大量钢材和生铁，输水时不会产生锈蚀现象，使用寿命长，可达40年左右。缺点是质脆，管壁厚，单位长度重，运输困难。在微灌工程中主要用在过滤器以前作引水管道。使用当地生产的钢筋混凝土管时，一定要弄清楚规格及承压能力，并严格进行质量检查，合格者才能使用。 
52、滴灌的毛管间距、滴头间距应如何确定？ 
滴灌系统中毛管用量最大，其投资有时可达总投资的30%～40%，因此要正确选用和布置。大田作物为减少毛管用量，降低工程造价，一般多采用移动式毛管，一条移动毛管的控制宽度以10～20米为宜。过大，灌水不及时；过小，造价增大。毛管长度一般为30～50米，毛管工作点间距以80～100厘米为宜。滴头间距一般采用：大田作物50～100厘米，蔬菜30～50厘米，果树可绕树布置一周，小树4个，大树6～8个。 
53、什么是小管出流？有那些优缺点？ 
采用较大流道尺寸，利用已有的φ4PE塑料小管作为灌水器，同时采用了100～180升/小时的大流量出流。这样既使随灌溉水进入灌水器的细小颗粒有宽松的通道，而且具有足够的水流速度使固体颗粒不发生沉积，从而大大提高了灌水器的防堵能力。 
小管出流灌溉系统与滴灌系统比较有如下特点。 
⑴ 堵塞问题小，水质净化处理简单。小管灌水器的流道直径比滴灌灌水器的流道或孔口的直径（0.5～1.2毫米）大的多，而且采用大流量出流，解决了滴灌系统灌水器易于堵塞的难题。因此一般只要在系统首部安装60～80目/英寸的筛网式过滤器就足够了（滴灌系统的过滤器的过滤介质则需要120～200目/英寸）。如果利用水质量较好的井水灌溉也可以不安装过滤器。同时，由于过滤器的网眼大、水头损失小，既节省能源消耗，又可延长冲洗周期。 
⑵ 施肥方便。果树施肥时，可将化肥液注入管道内随灌溉水进入农作物根区土壤中，也可把肥料均匀地撒于入渗沟内溶解，随水进入土壤。特别是施有机肥时，可将各种有机肥埋进入渗沟下的土壤中，在适宜的水、热、气条件下熟化，充分发挥肥效，解决了滴灌不能施有机肥的问题。 
⑶ 省水。小管出流灌溉是一种局部灌溉技术，只湿润入渗沟渠两侧果树根系活动层的部分土壤，水的利用率很高，而且是管网输配水，没有渗漏损失。据北京市海淀区试验，可比地面灌溉节约用水60%以上。 
⑷ 适应性强。对各种地形、土壤、果树、葡萄等均可适用。 
(5) 操作简单，管理方便。 
54、半固定管道式喷灌适用于那些地方？ 
半固定管道式喷灌，因为在喷灌作业时，地面的支管需要移动，而且移动管道较长（多在100～200米之间），所以该种形式的喷灌多用在地势平坦的浅丘和平原地区。 
55、固定管道式喷灌适用于那些地方？ 
固定管道式喷灌系统的全部管道在整个灌溉季节甚至常年都是固定不动的，一般埋于地下。固定管道式喷灌系统的设备利用率不高，亩投资高，但使用方便，适合经济发展水平高，劳力紧张，以种植灌水频繁、价值高的蔬菜为主的城市郊区，也适合灌水频繁的经济作物。 
56、使用半固定管道式喷灌系统应配备几套设备？如何操作？ 
使用半固定管道式喷灌系统应配备的设备主要是指：移动支管及其上的竖管和喷头，一般将一条移动支管及其上的竖管和喷头称作一套设备。根据作业要求和实践经验一般一个喷灌系统配备三套这样的设备为宜，作业时其中一套设备处在工作（喷洒）状态，另外两套设备安装好等待工作。当第一套设备工作完毕（按规定的定喷时间完成喷洒任务），先让另一套设备进入工作状态，还有一套等待工作，已工作完毕的那一套暂不拆移，等第一套设备工作完毕、第三套设备进入工作状态时，再去拆移第一套设备并安装到下一个作业位置，并循环下去。这样做可避免操作人员在刚喷灌完的湿地上行走，不破坏土壤结构。 
57、不管土质、地形和水源怎样都可以采用同样的喷头和间距吗？ 
喷灌工程中，喷头及其组合间距要根据土壤性质、设计风速、作物种类等进行合理的设计和选择。如《喷灌工程技术规范》中规定喷灌系统的设计喷灌强度不得大于土壤允许的喷灌强度，这就要求根据土壤允许的喷灌强度来选择喷头及其组合喷灌强度；不同地区，设计风速不同，则其喷头和组合间距不同；不同的作物要求的雾化指标不同，也要求采用不同的喷头。 
58、喷灌真的能省地吗？ 
由于喷灌系统进行灌溉时不产生地表径流，因此不必像畦田灌溉那样修筑田埂，且可减少渠道甚至没有渠道，所以喷灌可以省地。据测算，实行喷灌的地区可节地6%～12%。 
59、喷灌增产是怎么回事儿？ 
喷灌能增产已是不争的事实，那么它为什么能增产呢？分析起来有以下几方面原因：一是喷灌操纵灵活还可以自动化管理，能更适时适量的满足作物需水；二是喷灌可以增湿、降温，调节近地面小气候，使作物处于较好的生长环境；第三，喷灌和传统的地面灌溉比可以节省沟、渠占地，增加种植面积。 
60、选择喷灌工程的地埋管应注意些什么？ 
喷灌工程将主干管、干管埋于地下，选择地埋管时应注意：正确选用管材主要指所选管材能承受的压力、运输、施工、价格、使用寿命等多方面因素。另外地埋管埋置深度应在耕层和冻土层之下。 
61、小型喷灌机适用于那些地方？ 
轻小型喷灌机组适应水源小而分散的山丘区和平原缺水区，具有一次性投资少，操作简单，保管维修方便，喷灌面积可大可小，适用于抗旱等优点。 
62、大型喷灌机有那些种类？适用于那些地方？ 
大型喷灌机有平移式和时针式两大种类，由于其控制面积较大，所以多适用于地势平坦的平原地区。 
63、中型喷灌机适用水哪些地方，优缺点？ 
64、什么是喷灌带,适用于那些地方？ 
65、已搞了低压管道灌溉的地方，如何发展喷灌？ 
在已修建了低压管道灌溉的地方，如果再建喷灌工程，方法有两种：一是废除原有低压管灌溉工程，重新建设喷灌工程；二是在原有工程基础上改建为喷灌工程，此时应在原管道出水处经二次加压实现喷灌。 
66、什么是集雨节水灌溉？ 
雨水集蓄工程是指对降雨进行收集、汇流，存储和进行节水灌溉的一套系统。一般由集雨系统、输水系统、蓄水系统和灌溉系统组成。 
一、集雨系统 
集雨系统主要是指收集雨水的集雨场地。首先应考虑具有一定产流面积的地方作为集雨场，没有天然条件的地方，则需人工修建集雨场。为了提高集流效率，减少渗漏损失，要用不透水物质或防渗材料对集雨场表面进行防渗处理。 
二、输水系统 
输水系统是指输水沟（渠）和截流沟。其作用是将集雨场上的来水汇集起来，引入沉沙池，而后流入蓄水系统。要根据各地的地形条件、防渗材料的种类以及经济条件等，因地制宜地进行规划布置。 
三、蓄水系统 
蓄水系统包括蓄水体及其附属设施。其作用是存储雨水。 
1．储水体 
各地群众在实践中创造出不同的存储形式，西北、华北黄土高原一带，主要是建水窖（窑）和蓄水池。用于生活用水和用于农业灌溉的形式基本一样。一般用于生活和庭院灌溉（手压泵）。用于农田灌溉的多建于田边和地头，容积相对较大，提水设备有用动力的（微型电泵）,也有用人工的（手压泵）。窖（窑）和蓄水池使用的建筑材料可分为土窖、砖石窖、混凝土薄壳窖和水窖等。土窖施工方便，造价低、但容量小，对土质要求较高。砖石窖较坚固耐用，容量也较大，但造价较高，施工难度较大。混凝土薄壳窖防渗性能好，寿命长，容量大，但造价较高。水窖为卧式全封闭的结构类型，容量大（80～200方），长度不受限制，施工较方便，但窖底防渗处理要求高。各地应根据地形地貌特性、经济条件、施工技术和当地材料来选型。 
2、主要附属设施 
（1）沉沙池。其作用是沉降进窖（窑）水流中的泥沙含量。一般建于水窖（窑）的进口处2～3米远的地方，以防渗水造成窖壁坍塌，池深0.6～1.0米，长宽比可考虑2：1，具体尺寸由进窖水量和水中含沙量而定。 
（2）拦污栅与进水暗管（渠）。拦污栅作用是拦截水流中的杂物，如树叶、杂草等漂浮物和砖石块等，设在沉沙池的进口。进水暗管（渠）作用是将沉沙池与窖体（蓄水池）连通，使沉积后的水流顺利流人窖（池）中，其过水断面应根据最大进流量来确定。 
（3）消力设施。为了减轻进窖（窑）水流对窖底的冲刷，要在进水暗管（渠）的下方窖（窑）底上设置消力设施，根据进窖流量的大小，选用消力池或消力筐或设石板（混凝土板块）。 
（4）窖口井台。其作用是保证取水口不致坍塌损坏，同时防止污物进窖。窖台一般高出地面0.3～0.6米，平时要加盖密封,取水时可安装提水设备。 
四、灌溉系统 
灌溉系统包括首部提水设备、输水管道和田间的灌水器等节水灌溉设备，是实现雨水高效利用的最终措施。由于各地地形条件、雨水资源量、灌溉的作物和经济条件的不同，可以选择适宜的节水灌溉形式。常见的形式有滴灌、渗灌、坐水种、注射灌、膜下穴灌与细流沟灌等技术。 
67、平原沙性土地宜采用那种灌溉形式？ 
平原沙性土壤因其透水性强，农民称为“漏水地”，在这样地块上实施灌溉，宜采用喷灌形式。 
68、露地蔬菜如何灌溉？ 
露地蔬菜宜采用的灌溉形式有畦灌、沟灌、微喷灌、滴灌等。 
69、大棚蔬菜如何灌溉？ 
大棚蔬菜由于水蒸气不易散发，使棚内湿度较大，容易引发病虫害，不宜采用地面明水灌溉，一般采用滴灌工程进行灌溉。 
70、平原果树有哪些灌溉形式？ 
平原地区果树目前多采用漫灌、穴灌等形式。在水资源紧张的地区宜采用小管出流灌溉系统。 
71、地形高差大的山坡果树可以搞滴灌吗? 
地形高差较大的山坡地上可以搞滴灌，但要切实做好地形测量、滴灌设计、设备选择、稍有疏忽就可能失败。在大高差山坡地上搞滴灌，华北水利水电学院取得了成功的经验。 
72、丘陵地区大田作物可以搞喷灌吗？ 
喷灌的优点之一就是对地形的适应性强，因此丘陵地区的大田作物更宜采用喷灌。但由于丘陵区高差较大，为使喷头出流量均匀，应在管道系统加调压设施。 
73、滴灌水那么少，能满足作物需要吗？ 
目前为止，滴灌是最省水的一种先进的灌溉技术，每个滴头均以水滴的形式将灌溉水源送入植物根部，只需按设计人员拟定作业制度进行作业，完全可满足作物对水的需要。 
74、搞了喷灌还灌那么多水，有必要吗？ 
目前有些地区虽已搞了喷灌，但农民受传统灌溉方式的影响，仍以较大的灌水定额进行灌溉。实际上，多灌的水，由于超过了田间持水能力，多余的水在重力的作用下，渗到作物根系层以下，产生深层渗漏，是完全没有必要的。 
75、畦灌时何时关闭沟口为好? 
当采用畦灌时，畦口的关闭时间与土壤质地和畦长有关，一般土壤条件下，畦长50米左右，可采用八成改水;畦长30～40米，可采用九成改水；畦长小于30米时，可采用十成改水。 
76、沟灌有哪些新技术？ 
为了增加沟灌对土质与地形的适应性，提高灌水效率（即田间水有效利用率），节约用水，近年来世界上开始采用一些沟灌新技术。除了与畦灌相同，也采用闸门和虹吸管外，主要有以下两种： 
⑴ 尾水回收系统：透水性较差的土壤，为了达到一定的灌水定额，要求在沟中保持较长时间的水流，而且地形坡度又较大，沟中不便蓄水，这样就不可避免要有一些水从沟尾排走，进入排水系统，从而降低了灌溉效率，还增加了排水系统的负担。因此要建立尾水回收系统，从沟尾将排走的水收集起来再送到沟首或其他田块以供灌溉之用，这种系统一般包括集水沟，蓄水池，提水系统，输水管道，沟尾的泄水经由集水沟收集，暂时存放在蓄水池中，到一定的时候由提水系统加压，经输水管道送到本田块或其他田块的沟首。装了尾水回收系统后，不但可以省水，提高灌水效率，而且还可以减少排水问题，保肥节能，防止土壤的侵蚀。 
⑵ 波涌沟灌：又称为涌流沟灌或间歇沟灌，是间歇地向灌水沟放水，一般是放水几分钟或几十分钟，然后停水几分钟或几十分钟，重复几次，直到灌水沟的首尾都得到均匀地灌溉为止。这样放水使得在给定条件下，灌水沟中水流的进程距离比连续放水多两倍到三倍。从而可减少沟首、沟尾入渗时间的差别，使沿灌水沟的水量分布均匀，可以使沟灌的灌水效率由50%～60%，提高到70%～80%。当然，为了要按一定的间歇周期放水，就要配置有自动控制或人工控制的放水设备。这显然会增加灌水的费用，但也同时提高了灌水的机械化和自动化程度，节约灌水劳动力。 
77、土渠输水能浪费多少水？ 
根据我国对多数灌区的统计，土渠输水渠系水的有效利用率不足40%，也就是说引水100方,到田间以前有60 方水被浪费掉了。 
78、大水漫灌时水到哪里去了？ 
农田水分消耗的途径主要有植株蒸腾、株间蒸发和深层渗漏（或田间渗漏）。大水漫灌由于灌水量大，使得土壤含水量接近甚至达到饱和，增加了土壤水的蒸发能力，大量的水消耗于无效的株间蒸发；超过土壤田间持水率的水分，在重力的作用下，渗漏到作物根系层以下，形成深层渗漏；有部分水消耗于植株蒸腾。 
79、传统灌溉模式是什么样子的？ 
传统的灌水方法水是从地表面进入田间并借重力和毛细管作用浸润土壤，所以也称为重力灌水法。这种办法是最古老的也是目前应用最广泛、最主要的一种灌水方法。按其湿润土壤方式的不同，可分为畦灌、沟灌、淹灌和漫灌。 
⑴ 畦灌 畦灌是用田埂将灌溉土地分割成一系列长方形小畦。灌水时，将水引入畦田后，在畦田上形成很薄的水层，沿畦长方向移动，在流动过程中主要借重力作用逐渐湿润土壤。 
⑵ 沟灌 沟灌是在作物行间开挖灌水沟，水从输水沟进入灌水沟后，在流动的过程中，主要借毛细管作用湿润土壤。和畦灌比较，其明显的优点是不会破坏作物根部附近的土壤结构，不导致田面板结，能减少土壤蒸发损失，适用于宽行距的中耕作物。 
⑶ 淹灌（有称格田灌溉） 淹灌是用田埂将灌溉土地划分成许多格田，灌水时格田内保持一定深度的水层，借重力作用湿润土壤，主要适用于水稻灌溉。 
⑷ 漫灌 漫灌是在田间不做任何沟埂，灌水时任其在地面漫流，借重力渗入土壤，是一种比较粗放的灌水方法。灌水均匀性差，水量浪费较大。 
80、什么是作物需水量？ 
作物需水量就是作物生长发育过程中所需的水量，一般包括生理需水和生态需水两部分。生理需水是指作物生命过程中各项生理活动（蒸腾、光合作用和构成生物体系等）所需要的水分。生态需水是指给作物正常生长发育创造良好生活环境所需要的水分，如调节土壤温度、影响肥料分解、改善田间小气候等所需要的水分。由于上述各项需水量不好测定和计算，在生产实践中用作物的蒸腾量和颗间蒸发量来表示作物需水量，又叫腾发量。作物生长过程中可以从天然降雨和地下水获得一部分水分，差额部分就是需要灌溉的净水量。 
81、如何制定作物的灌溉制度？ 
常采用以下三种方法来确定灌溉制度。 
（1）总结群众丰产灌水经验 
多年来进行灌水的实践经验是制定灌溉制度的重要依据。灌溉制度调查应根据设计要求的干旱年份，调查这些年份的不同生育期的作物田间耗水强度（毫米/天）及灌水次数、灌水时间间隔、灌水定额及灌溉定额。根据调查资料，可以分析确定这些年份的灌溉制度。一些实际调查的水稻的灌溉制度举例如表。 
项目 早稻 中稻 一季晚稻 双季晚稻 
泡田定额 
（方/亩） 70～80 80～100 70～80 30～60 
灌溉定额 
（方/亩） 200～250 250～350 350～500 240～300 
总灌溉定额 
（方/亩） 270～330 330～450 420～580 270～360 
（2）根据灌溉试验资料制定灌溉制度 
我国许多灌区设置了灌溉试验站，试验项目一般包括作物需水量、灌溉制度、灌水技术等。实验站积累的试验资料，是制定灌溉制度的主要依据。但是，在选用试验资料时，必须注意原试验条件，不能照搬。 
（3）按水量平衡原理分析制定作物灌溉制度 
根据农田水量平衡原理分析制定作物灌溉制度时，一定要参考群众丰产灌水经验和田间试验资料。也即这两种方法结合起来，所制定的灌溉制度才比较完善。 
82、缺水地区如何灌关键水？ 
关键水指的是作物生长发育处于关键时刻，对水的需求量最敏感，一旦缺水将严重影响产量时的灌水。在缺水地区，由于水资源有限，往往采取非充分灌溉和灌关键水的办法来充分发挥有限的水资源的作用。应根据各种作物的需水特性，找出其敏感期，灌好关键水。 
83、水稻灌溉的节水潜力有多大？ 
水稻需水可分为生理需水和生态需水两部分。 
生理需水是指稻株通过根系从土壤中吸入体内的水分，以满足个体生长发育和不断进行生理代谢所消耗的水量。其中较大的消耗是水稻的蒸腾作用。 
生态需水是指水稻体外的群体间和生活的土壤环境的用水，把水作为生态因子调节稻田湿度、温度、肥力和水质以及通气作用等所消耗的水量。 
稻田每天吸收的水量中作为某些化合物成分和作为反映剂所用的水量仅为全部吸水量的1%，其余99%通过蒸腾而散失。由此可见，适当调节水稻的蒸腾可能是节水的潜力所在。 
过去人们常把满足水稻生理需水和生态需水要求作为合理灌溉的准则，其实“满足”二字未必确切。高产栽培中对水稻需水往往进行“调节”，而不是“满足”。现在已经清楚，水稻的生态需水（如调温、调肥、灭草、洗盐等）是完全可以调节的。在一定条件下，甚至可以把生态需水减少到很低的程度，只要措施得当，仍可取得较好的产量。 
84、水稻的节水灌溉方法有哪些？ 
水稻的节水灌溉方式有：改串灌为格田灌，勤晒少灌，湿润灌溉，浅灌深蓄，浅湿灌溉，控制灌溉等多种。 
85、冬小麦的节水潜力有多大？ 
在我国华北地区，充分供水条件下的冬小麦全生育期需水量约为470～520毫米，但是，在采取灌关键水等节水措施条件下，实际蒸腾蒸发量在200～300毫米条件下就获得了5000～6000公斤/公顷（的产量水平。1986～1989年在山西留屯进行的旱地小麦实验，在生育期降水量140～145毫米、中等肥力、采用秸秆覆盖的条件下，只在全生育期补灌60毫米水量，就获得了5625公斤/公顷的产量，水分生产效率达到1.9公斤/方（按利用前期土壤贮水100毫米估计）。中国农业科学院商丘万亩节水示范区1988年（节水前）水分生产效率为1.03公斤/方，到1992年（采取综合节水措施后）水分生产效率增至1.78公斤/方。 
北京南邵乡1993年以前，农民采用当地传统的灌溉制度，冬小麦全生育期喷灌水量为450～510毫米，平均单位面积产量4755～5505公斤/ 公顷，水分生产率0.93～1.10公斤/方。1994～1997年按清华大学制定的科学喷灌制度进行灌溉和田间管理，冬小麦全生育期的灌水量为200～260毫米，总耗水量由原来450～520毫米减至286～308毫米，平均单位面积产量稳定在6930～7080公斤/公顷，水分生产率达到2.30～2.43公斤/方。 
86、冬小麦每次灌水量多少为宜？全生育期灌水多少合适？ 
冬小麦和其他作物一样，从种到收整个生育期有自己的需水规律，苗期株小根浅需水量较小，返青以后植株迅速生长，根系快速发育，其需水量增加也较快。从满足冬小麦需水的角度讲，早期（苗期、返青期）一次灌水每亩灌水20方即可，中期（孕穗、灌浆期）一次灌水每亩30～40方为宜。冬小麦全生育期需水与整个生育期内降雨情况密切相关。华北地区干旱年为200～300方/亩，湿润年为150～200方/亩。华中、华东地区干旱年为200～250方/亩，湿润年为100～150方/亩。 
87、玉米每次灌水量多大为宜？全生育期灌多少水合适？ 
玉米植株高大，叶片茂盛，生长期又多处于高温季节，植株蒸腾和棵间蒸发大，为了制造大量有机物质，也需要消耗较多的水。据山东、山西两省灌溉实验和调查，在生长旺盛期内，一株玉米每昼夜耗水1.5～3.5公斤，而生产1公斤籽粒，则需耗水1000公斤左右。另据实验调查：黑龙江省春玉米的需水量为263～400方/亩；内蒙古黄河灌区亩产350～500 公斤的春玉米需水量为220～308方/亩；陕西省亩产400公斤左右的夏玉米需水量为170～200方/亩。北方有些地区的群众把玉米看成“水布袋”、“水罐罐”庄稼，说明玉米比高粱、谷子、黍等作物的需水量要多。 
88、棉花每次灌水量多大为宜？全生育期灌水多少合适？ 
棉花早期（苗期、现蕾期）每次灌水30方即可，中后期（花铃期、吐絮期）每次灌水40方为宜。其全生育期灌水量视干旱程度不同而异，一般在250～400方/亩之间。 
89、什么是坐水种？适用于那些场合？ 
我国北方干旱、半干旱地区，在作物播种时期，由于雨水缺少，常常出现土壤墒情差，含水量低，造成出苗晚或缺苗断垅，甚至不出苗，严重影响农业生产。为了保证出全苗、出壮苗，农民在生产实践中摸索出一套称为坐水种（滤水种）的方法。坐水种和滤水种是分别针对穴播与条播作物而言。其作业程序是挖穴（或开沟）、注水、点种、施肥、覆土和镇压。采用此种方法，可以适时播种，提高播种质量，达到苗齐、苗壮的目的，出苗率可达95%以上，并能提高抗旱能力，提高肥效，促进早熟增产。据宁夏试验，玉米可增产15%～20%。黑龙江省肇东市玉米产区高、中、低三种类型6年的跟踪调查分析，每公顷增产702.6～1463公斤，增产16%左右，增收28%。 
坐水种的技术参数主要是指坐水量和注水深度。 
1、 坐水量的确定 
坐水量的多少主要依据土壤的干旱程度来确定。下表列出了黑龙江省肇东市水利局1986～1991年间对玉米坐水种试验进行分析得出的坐水量标准，供参考。 
不同水文年坐水量标准表 
水文年 0～30厘米平均土壤含水率 
占田间持水量（%）坐水量（方/公顷） 
轻旱年 70～62 25.5 
中等干旱年 62～56 52.5 
重旱年 56～51 75.0 
严重干旱年 <51 105.0 
2、 注水深度 
注水深度一方面考虑播种深度，另一方面要考虑到干土层的厚度。一般播种深度为5厘米左右。因此，注水深度应在此深度以下为宜，以利于与底墒相衔接，增强抗旱能力。 
3、 抗旱天数 
抗旱天数是对坐水种技术提出的抗旱标准，各地自然条件不同，抗旱天数也有差别。例如，吉林省水利科学研究所的研究成果，以抗旱天数为依据来确定坐水量。在开沟坐水条件下，抗旱天数以40天为标准，确定的坐水量为46.5～60 方/公顷，相当于表中的中等干旱年的标准。 
4、坐水种方式 
坐水种的方式不同，所需的机具设备也不尽相同，目前有人工坐水种方式、机械开沟滤水方式及机械注水方式三种形式。 
1） 人工坐水种方式 
这种方式除运水外，其余作业即挖穴、注水、点种、施肥和覆土等全靠人工来完成，完成全部作业程序约需5～7人，日播种面积0.3～0.4公顷，效率较低。 
2） 机械开沟滤水方式 
用机械开沟后，将灌溉水用注水管注入沟中，待水渗入土中后，再由人工进行播种、施肥和覆土等作业，一般也需5～7人，但作业效率较人工坐水种方式提高1倍左右。 
3） 机械注水方式 
这种方式又可分为明式注水和暗式注水两种。 
⑴明式注水量由拖拉机牵引水车，在开沟的同时向沟中注水，待水渗入土中之后，利用播种机进行播种、施肥和覆土等作业。为使上述作业连续进行，在第一条垅上开沟注水时播种机空行，待第二条垅开沟注水的同时，再由播种机在第一条垅上开始作业。这样，依此类推，田间作业效率较前两种方式大有提高。 
⑵暗式注水量利用暗式注水播种机来实现。这种方式的特点是水在播种位置以下，水不含泥，土不板结。整个作业由2人操作完成，效率较前述方式大大提高，每天可播种面积在1公顷以上。 
90、怎样用库水、河水灌溉？ 
水库、河流作为传统的灌溉水源，多用渠道输水，但是渠道输水损失太大，目前一般大型灌区渠系水利用系数仅达0.5～0.6。为了提高库水、河水利用率，各级渠道应采用防渗衬砌等工程措施或采用管道输水等，田间工程采用节水的灌溉技术。 
91、怎样留住雨水？ 
对于雨水的利用视地形、地势不同有多种方法。在山区采用多种树木，封山育林，可保持水土，多拦截雨水，减少径流损失。还可采用塘坝拦蓄雨水进行造田和灌溉。近几年在我国西北干旱地区正在推广的斜坡集雨、水窖储存的集雨工程及屋顶、场院集雨工程均收到良好效果。在平原地区利用坑塘、洼地、深沟渠网进行雨水拦蓄回补地下水，或直接用作灌溉水源也收到很好的效果。由华北水利水电学院研究的平原地区汛期雨洪利用集成技术――灌、蓄、补一体化工程模式是一项很有推广价值的雨水利用技术。 
92、怎样利用小溪、小沟等微水源进行灌溉？ 
如果灌区内具有小沟、小溪等微水源时，可结合一定的蓄水措施，作为滴灌、微喷或轻型喷灌机组的灌溉水源，加以利用。 
93、微咸水和咸水能用于灌溉吗？ 
根据国内外的实验研究，作物可以吸收水分和养分的土壤溶液浓度极限值为15～20克/升，小麦返青时不超过10克/升，拔节后为20克/升。理论上讲，在小麦返青期用10克/升的咸水灌溉，拔节后用20克/升的咸水灌溉是可以被作物吸收利用的，但由于灌水时土壤含水率达到田间持水率，以后土壤水分逐渐消耗，土壤溶液浓度不断增加，为使在土壤含水率的下限达到田间持水率的55%～60%的情况下土壤溶液浓度保持在极限浓度以下，根据国内试验资料，一般灌溉水的浓度应不超过5～6克/升。应当指出，咸水灌溉必须有适当的排水条件，在纯井灌区应通过自然降雨淋洗，将旱季土壤中积累的盐分排除至根层以下，在有地表水灌溉的地区则应利用灌溉的地表水和降雨水淋洗，使根层土壤溶液不超过作物的生理极限。 
咸水的利用过程也是咸水的改造过程。在开采利用的条件下，在华北平原约2万平方公里的半咸水面积上，按年平均降雨入渗补给量70～80毫米计算，地下水补给资源为14～16亿方，如可采系数为0.80，则增加的可采资源可达11～13亿方，数量是相当可观的。 
94、浇地必须“浇透”才行吗？ 
农民浇地有一种偏见，即认为浇地必须“浇透”才行。所谓的浇透指的是一次浇水后上部湿润土壤层必须与下部湿润土壤层相接。其实这并没有科学依据，因为作物在不同的生育阶段其根系层埋藏的深度不同，一般情况下苗期根系较浅，中、后期根系才发育延伸到一定深（其根系层一般不超40厘米）。所以浇地时尤其是苗期根本不需要把地浇透。即使是生长旺盛时也没有必要一定把水浇透，只要满足作物根系层深度的储水要求即可。 
95、自然界中各种形式的水是怎样相互转化的？ 
自然界中各种形式的水的相互转化有大循环和小循环之分。所谓大循环是指海洋的水通过蒸发变为水蒸气升到大气层，形成气团（也就是天上的云），云在风的不断吹动下飘向陆地的上空，在一定的条件下变成雨或雪降落到地面，一部分形成地表水（江、河、湖等），另一部分渗入地下形成地下水。小循环指的是陆地上的地表水和地下水直接或间接（通过植物）蒸发变为水蒸气上升到天空变为云，再以雨或雪的形式降落到地面的过程。 
96、井水位为什么会不断下降？ 
机井抽取的是埋藏于储水沙层的地下水，按照其埋藏条件可分为潜水和承压水。地下水的补给源是降雨和地表水体，潜水（浅层地下水）直接受地面的降雨入渗、河渠渗漏补给、各种回归补给，自然循环期约为1－10年。而承压水（深层地下水）则是接受远在上游的山区入渗补给，其循环期在千年甚至万年以上。不管是潜水还是承压水每年的补给量是有限的。只要机井抽出的水量大于地下水的补给量，就叫超采地下水，井的水位就会不断下降，尤其是承压水一旦下降再恢复则是十分困难的。 
97、地下水漏斗是怎么回事？ 
大家知道漏斗的形状，即中间低周围高。地下水漏斗是指形状如漏斗状的地下水位分布。一个地区如果长期超采地下水，就会形成大范围的中间低周围高的地下水位漏斗区。 
98、地下水位下降会带来什么样的后果？ 
地下水位下降后，由于破坏了原地层的受力平衡，在地面载荷（压力）作用下被疏干的含水层就会被压缩，因此可造成地面下沉，建筑物倾斜、开裂，桥梁、道路变形等严重的后果。另外，地下水位下降还可引起海水倒灌、咸水入侵等污染淡水资源的现象。 
99、作物是怎样吸收水分的？ 
作物为了获得生长需要的水分，大都通过根系从土壤中吸收。根系也不是全部都能吸水，主要是在根尖部分进行。其中以根毛区的吸水能力最大，根冠、分生区和伸长区较小。由于根系吸水主要在根尖部位进行，所以农田灌水应考虑作物大部分根尖的深度。根系吸水有两种动力，就是根压和蒸腾拉力。 
根压。由于根系的生理活动使液流从根部上升的压力。根压把根部的水压到地上部位，土壤中的水便补充到根部，这就形成根系的吸水过程。 
蒸腾拉力。叶片蒸腾时，气孔下腔附近的叶肉细胞因蒸腾失水而水势下降，如此下去，便通过一系列导管最后根细胞从土壤中吸取水分。这种吸水是由蒸腾失水而产生拉力所引起的根部被动吸水。蒸腾拉力是蒸腾旺盛时根系吸水的主要动力。大田作物绝大部分的水是靠这种动力来吸收的。 
100、农谚说“有收无收在于水”有科学道理吗？ 
凡种过地的人都经常听说过“有收无收在于水”这句农谚。这句话形象地概括了作物对水的需求，和水在农业生产中的作用和地位，有一定的科学道理，但不太全面。因为，每一种作物从种到收整个生育过程中每时每刻都需要水，而且有一定的需水规律，并不是水越多越好。在任何时候，当土壤中的水多于作物正常生长所需要的水时，作物反而不能正常生长。当长期处于多水状态时，作物有可能受浸或受涝而死。因此说作物离开水不行，水多了也不行。 


                                            ",2016-02-05,节水灌溉科普知识问答
"
                                                地面灌溉是古老的田间施水技术，但它目前仍是世界上特别是发展中国家广泛采用的一种灌水方法，约占全世界中灌溉面积的90%以上。我国则有98%以上的灌溉面积依然采用传统的地面灌溉技术。 
鉴于我国水资源与能源短缺，经济实力不足，广大农村地区的技术管理水平较低的现实，大面积推广喷、微灌等先进灌水技术还受到很大的限制，因此在今后相当长的一段时间内，我国还仍须加大田间工程的建设力度，大力研究和推广节水型地面灌水技术。 
一、平整土地，设计合理的沟、畦尺寸与灌水技术参数 
平整土地是提高地面灌水技术和灌水质量，缩短灌水时间，提高灌水劳动效率和节水增产的一项重要措施。结合土地平整，进行田间工程改造，划长畦（沟）为短畦（沟），改宽畦为窄畦，设计合理的畦沟尺寸和入畦（沟）流量，可大大提高灌水均匀度和灌水效率。 
陕西洛惠渠的研究表明，在入畦单宽流量为3~5L/s时，灌水定额随畦长而变，当畦长由100米改为30米时，灌水定额减少150~204m3/hm2；当畦长30~100米时，畦单宽流量从2L/s增加到5L/s，灌水定额可降低150~225m3/hm2。 
宝鸡峡灌区进行深层渗漏的对比试验，灌水定额小于675m3/hm2，基本不发生深层渗漏；灌水定额825~990m3/hm2时，约有150m3/hm2水产生深层渗漏；灌水定额1350m3/hm2时，有一半水成为深层渗漏水。 
我国幅员辽阔，各地地形和土质差异较大，因此难有统一标准，各地应根据田间试验结果，建立计算机模型，通过实验和计算机模拟，给出适合本地的适宜畦沟尺寸和灌水技术参数。 
二、改进地面灌溉湿润方式，发展局部湿润灌溉 
改进传统的地面灌溉全部湿润方式，进行隔沟（畦）交替灌溉或局部湿润灌溉，不仅减少了课间土壤蒸发占农田总蒸散量的比例，使田间土壤水的利用效率得以显著提高，而且可以较好地改善作物根区土壤的通透性，促进根系深扎，有利于根系利用深层土壤储水，兼具节水和增产双重特点，值得大力推广。实践证明，春小麦与春玉米套种隔畦灌，棉花、玉米等宽行作物隔沟灌或隔沟交替灌，湿润面积可减少50%，节水高达30%以上，增产幅度5%~10%。玉米坐水种，可节水900m3/hm2，节电90~105千瓦时，增产幅度约16%，增收幅度约28%。 
三、改进放水方式，发展间歇灌溉 
改进放水方式，把传统的沟、畦一次放水改为间歇放水，进行间歇灌（又称波涌灌），被称为80年代地面灌水技术的一大突破。间歇放水使水流呈波涌状推进，由于土壤孔隙会自动封闭，在土壤表层形成一薄封闭层，水流推进速度快。在用相同水量灌水时，间歇灌水流前进距离为连续灌的1～3倍，从而大大减少了深层渗漏，提高了灌水均匀度，田间水利用系数可达0.8～0.9。 
四、改进沟畦放水设施 
改进沟畦放水设施，采用虹吸管（用于明渠输水）或地面移动闸门孔管（用于管道输水）放水，与人工开口放水相比，田间水利用率可提高5%～10%。目前这些设施国内仍处于试验阶段，尚未批量生产。因此，有必要开展联合攻关，对这些设施的材料和加工工艺进行深入研究，向着技术标准化、生产规模化、推广应用普及化方向去发展。 
五、大力发展节水保墒膜上灌 
膜上灌是我国在地膜覆盖栽培技术的基础上发展起来的一种新的地面灌溉方法。它是将地膜平铺于畦中或沟中，畦、沟全部被地膜覆盖，从而实现利用地膜输水，并通过作物的放苗孔和专业灌水孔入渗给作物的灌溉方法。由于放苗孔和专业灌水孔只占田间灌溉面积的1%～5%，其他面积主要依靠旁侧渗水湿润，因而膜上灌实际上也是一种局部灌溉。目前，新疆采用膜上灌的农田已达23.33公顷，甘肃、河南等省也开始推广。膜上灌形势有开沟扶埂膜上灌、培埂膜上灌、膜孔灌、沟内膜上灌、膜缝灌、格田膜上畦灌、膜侧膜上灌等多种。膜上灌作物有棉花、蔬菜、玉米、小麦等。地膜栽培和膜上灌结合后具有节水、保肥、提高地温、抑制杂草生长和促进作物高产、优质、早熟等特点。生产试验表明：膜上灌与常规沟灌相比，棉花节水40.8%，增产皮棉5.12%，霜前花增产15%；玉米节水58%，增产51.8%；瓜菜节水25%以上。由于膜上灌是一种新的灌水技术，还有许多不成熟和不完善的地方，对其技术机制、技术要素及其设计方法都需要进一步研究。 


                                            ",2016-02-05,节水地面灌溉技术
"
                                                “九五”国家重大科技产业工程项目“农业高效用水科技产业示范工程”中的“渠灌类型区农业高效用水模式与产业化示范”专题由西北农林科技大学、陕西省杨凌示范区管委会等单位承担实施。该专题以近年来研究开发的适用于渠灌区农业高效用水的新技术为基础，通过筛选、改进、组装和集成，并进行田间试验和示范，为渠灌类型区农业高效用水技术的产业化提供示范工程，建立渠灌区农业高效用水综合配套技术体系，最后提出易于推广、可移植性强的渠灌农业高效用水模式。 
主要技术成果与创新 
在输水渠道防渗防冻胀技术方面，提出了在中等或微冻胀地区的中小型渠道采用U形渠道作为衬砌结构形式；防渗材料以混凝土为主，在冻胀问题较为严重地区，渠道采用混凝土与复合土工膜相结合的板膜复合结构形式，选用焦油塑料胶泥条和遇水膨胀橡胶止水条作为预制安砌渠道伸缩缝材料，聚硫密封胶作为现浇渠道的伸缩缝材料。 
在田间节水灌溉技术方面，根据渠灌区的特点和项目区的实际情况，针对地面灌溉技术，提出以“畦田三改”（宽畦改窄畦，长畦改短畦，大畦改小畦）技术为基础，借鉴波涌灌溉技术和水平畦灌技术的某些特点，适当提高入畦单宽流量，采用窄畦大流量的灌水方法，提高了田间灌水均匀度和灌水效率，减少了灌水定额和深层渗漏。该方法可操作性强，易于推广，节水效率明显。初步形成了一套北方多泥沙U形渠道量水技术体系，解决了斗分渠难以布设量水建筑物的问题。 
对于多泥沙U形渠道量水设施，提出对比降在1／1500～1／200的渠道拟优先选用抛物线无喉段量水堰。其特点是工程量小测流幅度大、精度高、壅水高度小，过泥沙能力强。对于分渠等小型渠道，可选用移动式抛物线堰板，其使用方便，造价低，便于各处使用。对缓坡渠道，应选用文丘里量水槽，量水精度较高。 
在渠灌区农业高效用水管理方面，建立了渠灌区计划用水与渠系水量优化调配管理系统和农业高效用水数据库管理系统。通过把复杂的系统问题，包括作物、气象、土壤及灌溉等借助于专家经验或计算公式，将其概化为相应的计算机模拟模型，并最终形成智能的决策支持系统，开发出农业高效用水与作物综合栽培管理专家决策系统。该系统简单实用、操作方便、易于推广。 
结合渠灌区节水灌溉技术，配套实施了农作物耕作栽培及覆盖和化控技术，实现保墒和减少蒸发，改善作物生育环境，调节作物生长发育，使其朝着合理的生育轨道发展，同时结合推广优质高产的优良品种及与之相适应的配套管理措施，提高了农作物产量和水分利用效率，实现了渠灌区的农业高效用水。 
高效用水模式 
通过归纳、总结上述技术，提出了渠灌类型区农业高效用水发展模式：输水渠道衬砌化，田间灌水小畦化，普及按方收费，借助于计算机管理系统，提高节水灌溉的科学性，并与农艺节水措施相结合的渠灌区农业高效用水模式。也就是通过提高田间渠道的防渗衬砌率和输水效率，减少输水损失；改进田间灌水技术，提高灌水均匀度和灌水效率，减少灌水定额和渗层渗漏；加强渠道量水、土壤墒情监测和高效用水信息采集及数据处理计算机系统的建立，提高灌区的用水管理水平；配套农艺节水技术，推广节水型优质高产良种，提高田间水分的利用效率，全面发展综合节水。 
技术应用效果 
上述技术和模式在宝鸡峡引渭二支渠杨陵区段推广应用后，节水增产效益明显。项目区内斗、分渠的渠系水利用系数达到0．89以上。区内粮食和人均农业收入有了较大提高。2001～2002年粮食平均单产达到13280kg／hm2，与项目实施前的1998年相比，单产增加2700kg／hm2；人均农业纯收入为883元，与1998年相比，净增264元。在社会效益方面，次灌水定额减少300m3／hm2以上，年净节约用水900～1200m3／hm2，节省水费约260元�全年单方水的粮食生产效率平均达到1．51kg／m3。 
该专题针对渠灌类型区用水浪费、灌溉水利用系数低的现状，对有关技术进行了全面深入细致的研究，通过技术试验、示范和辐射，实现了工程节水、农艺节水和管理节水的有机结合，建成了高效农业用水模式，并对集成的若干技术进行了改造和创新。通过生产应用取得了明显的经济和社会效益，可以在我国条件类似的渠灌类型区推广应用。研究成果由水利部组织鉴定，总体达国际先进水平，并获杨凌农业高新技术产业示范区科学技术一等奖。 


                                            ",2016-02-05,渠灌类型区农业高效用水主要途径---综合节水
"
                                                节水灌溉是围绕着具体的工程措施来进行的，因此有必要了解现有的节水灌溉工程技术及其特点。 
一、低压管道输水灌溉：又称管道输水灌溉，是通过机泵（或利用天然水头）和管道系统直接将低压水引入田间进行灌溉的方法。这种利用管道代替渠道进行输水灌溉的技术，避免了输水过程中水的蒸发和渗漏损失，节省了渠道占地，能克服地形变化的不利影响，省工省力，一般可节水30％，增产20％，省地5％，且投资不大，普遍适用于我国北方井灌区。 
二、喷灌：俗称人工降雨，是利用专门设备将水喷射到空中分散成细小的水滴，形成类似下雨效果的一种灌溉方法。喷灌受地形条件的限制小，在砂土或地形坡度达到5％等地面灌溉有困难的地方都可以采用，一般能增产15％，节水40％，提高工效20倍-30倍、提高耕地利用率7％。但喷灌受风力影响大，且容易产生蒸发损失，不适宜空气特别干旱、风力较大的地区。由于喷灌设备投资较高，目前多用在水资源缺乏的经济较发达地区。 
三、微灌：是利用专用设备将有压水输送分配到田间，通过灌水器以微小的流量湿润作物根部附近土壤的一种局部灌溉技术。微灌是目前节水、增产、优质效果最好的一种节水灌溉技术，但由于其投资较高，目前仅限于经济作物中使用。微灌通常分为滴灌、微喷灌、小管出流灌和渗灌四种形式。 
1.滴灌：是利用滴头（滴灌带）将压力水以水滴状或连续细流状湿润土壤进行灌溉的方法。常见滴头有孔口滴头、发丝管滴头、内镶式滴灌管、双上孔滴灌带、迷宫式滴灌带等。滴灌主要用在果园、花卉、保护地栽培中。 
2．微喷灌：是利用微喷头将压力水以喷洒状湿润土壤进行灌溉的方法。常见微喷头有固定式微喷头、旋转式微喷头、多孔式微喷带、脉冲式微喷头等。微喷灌主要用在果树、花卉、园林、草地、保护地栽培中。 
3．小管出流灌溉：是利用直径ф4毫米的塑料管作为灌水器，以细流状湿润土壤进行灌溉的方法。这种方式投资较低，主要用于果树的节水灌溉。 
4．渗灌：是利用一种特制的渗灌毛管埋入地表以下30-40厘米，压力水通过渗水毛管管壁的毛细孔以渗流形式湿润周围土壤的灌溉方法。 
四、改进沟畦灌溉：对传统的沟灌和畦面灌溉适当改进，能节水10％-20％，增产10％-15％。基本原则是平整土地，加大灌水流量，将长沟、大畦改为较短沟、小畦，并采用合适的流量和引水时间进行灌溉。适宜沟灌的地面坡度为0.003-0.008，灌水沟长度不大于100米，宽度0．3米-0．8米，入沟流量控制在0．5升-3升/秒。畦灌要求地面平整，适宜的地面坡度为0．001-0．003，自流灌区取畦长50米-75米、井灌区25米-40米，畦的宽度不大于3米，并与农机具作业要求相适宜，入畦单宽流量（每米畦宽的流量）3升-6升/秒・米。 
五、膜上灌：又称膜孔灌，是在地膜栽培的基础上，利用膜上行水，通过放苗孔和专用灌水孔向作物供水的灌溉方法，可节水25％-35％，增产15％-20％。采用该技术需要平整土地，田块长度不超过75米，宽度不大于3米，覆膜后在膜两侧筑起畦梗，并把地膜两边翘起埋入畦便中，将水完全约束在膜上流动，完全通过膜孔灌水。单定流量控制在0．3升-0．6升/秒・米，每次亩灌水量10方-40方。 
六、坐水种：又称注水灌，是将一定量的水注入局部土壤中，以满足种子发芽和保苗需水最低限度的一种局部灌溉方法，它简便易行，适宜于北方旱区播种时土壤含水率低、不能确保全苗时应用。采用坐水种播种前应先进行浸种或用保水剂、抗旱剂处理种子，使种子吸足水，亩灌水量控制在3方-5方（每坑中灌水2公斤-2.5公斤；或沟灌水深度控制在3厘米左右）。有条件的地方可使用抗旱保苗灌水机实施坐水种，能一次完成开沟、注水、播种、施肥、覆土、覆膜等工作。 
七、窑窖节水灌溉：利用窑窖、水池等蓄水设施，将天空降雨集蓄起来作为灌溉水源时，由于蓄水量有限，应该采用覆膜保墒并配合坐水种、地膜穴灌、膜上灌、地面移动管道灌溉、微灌等节水灌溉措施。窑窖节水灌溉一般适宜于宽行距的作物，一个盛水60吨的水窖可保证2亩地的灌溉要求。 


                                            ",2016-02-05,现代节水灌溉工程技术及特点
"
                                                滴灌在正常使用时具有下列优点： 
●最大限度地利用水，节水50％～80％。滴灌避免了输水损失和深层渗漏损失，地表部分湿润，减少了地面蒸发。滴头的灌水率小于土壤入渗速度，避免了径流损失，没有水分的漂移损失。温室大棚中使用滴灌能明显降低湿度和提高冬季地温。 
●提高作物产量20％～100％。滴灌能依照作物耗水规律，适时适量地、均匀而又缓慢地供水、供肥，使作物根层土壤经常保持最佳的水分、通气和养分状态，为作物生长发育创造了良好环境。滴灌时地面湿润范围较小，因而还能减少病虫危害和产量损失。 
●提高肥效。滴灌结合施肥非常方便，容易做到少施、勤施，有利于提高作物产量和减少化肥用量。肥料可以根据作物消耗直接施到作物根系附近，使土壤养分保持在最佳平衡状态。这种准确、及时的施肥只有滴灌才能做到。 
●减小盐碱对作物的损害。由于灌水频率高，稀释了土壤盐分浓度，将盐分排斥到作物根系层以外，避免了喷灌使作物叶面盐分积累的损害。 
●有利于实现自动化控制。通过滴灌系统施用水、肥料、除草剂、杀虫剂等还可以降低操作管理费用。 
●对地形适应能力强。在坡度为50％～60％的陡坡地上，也可以采用滴灌系统进行灌溉。管道可以直接布置在坡地和地势不平的地段进行灌溉，不需要平整土地、筑埂打畦，节省劳力。 


                                            ",2016-02-05,滴灌节水的优点
"
                                                我国北方地区正在大规模发展节水灌溉，各地结合自身的特点采用了不同的节水灌溉工程技术模式。这些节水灌溉工程技术模式，不但在北方乃至全国都有普遍的推广应用价值。为了使这些模式更加完善，特对其中几种有代表性的模式的一些技术问题进行探讨。 
城郊设施农业节水高效工程技术模式 
设施农业栽培也称保护地栽培，是利用日光温室、塑料棚等保护设施，人为地创造适于作物生长发育的环境条件。从而达到优质、高产、高效。其生产对象是高附加值的供城市居民消费的蔬菜、花卉等价格高的作物。 
我国的大、中城市郊区是发展设施农业节水高效工程技术最理想的地区，在这些地区滴灌技术为最常用的节水灌溉技术。这种工程技术模式一般包括：水源工程、日光温室(或塑膜大棚)、灌溉首部枢纽(水泵、控制设备、施肥设备、过滤设备)、输水管道、灌水器。灌水器常用滴头、滴灌管(带)、涌水器，还可结合覆膜进行膜下灌溉。 
设施农业节水灌溉工程技术装备应立足于国内。尤其在现阶段我国应在吸收国外先进技术的基础上，大力发展适合我国国情的设施农业装备。在设施农业用的节水灌溉设备方面，应重点解决适合普通温室应用的成套微灌设备的材料配方、生产工艺问题，降低销售价格、提高可靠性和耐久性。为最大限度发挥微灌设备在设施农业应用中的优势，应花大力气解决利用微灌设备施肥的技术落后和装备不过关的问题，研究生产适合设施农业各种作物在各个生育期使用的可溶性肥料，使灌溉时能做到水肥同步，发挥最大的水肥综合效益。 
平原纯井灌区生态农业节水灌溉工程技术模式 
目前我国北方平原的纯井灌区，大多存在地下水位逐年下降，生态环境恶化的问题。在这类灌区，减少灌溉用水量的主要目的应是改善水环境，恢复生态平衡，维护农业生产的持续发展。因此，在灌区内的作物灌溉用水量，应按生态要求可供给的地下水开采量来确定。在这种前提下，当前这类灌区大多数已不能对全部灌溉面积上的作物实行充分灌溉。要解决这个问题可采取两种办法，一是减少灌溉面积，在余下的灌溉面积上，仍采用追求最高单产的传统充分灌溉方法，其他面积则发展“雨养农业”；二是仍维持原来的灌溉面积，对作物灌溉则采取非充分灌溉方法，即在水分对作物产量形成的最敏感时期实行充分供水，而在其他时期实行少供水甚至不供水，不追求作物单产最高，而追求总产最高。在高效节水灌溉技术方面，一般对大田作物采用低压管道输水灌溉或喷灌，对经济作物可采用微灌。 
丘陵水库灌区自压管道输水灌溉工程技术模式 
在灌溉水源紧缺、农业生产水平高的灌区，采用自压管道输水灌溉工程技术是一种较理想的模式。其重点是解决规划设计和田间用水管理的技术问题。另外，还有诸如管材选用、施工技术、渠管联接、防淤积等一些技术问题需要解决。 
引河补源渠井结合灌区节水灌溉工程技术模式 
渠井结合灌溉主要有两种形式，一种是在灌区上游用引河水灌溉，下游用井水灌溉，采用渠灌和井灌两套灌溉工程系统；另一种是灌区内同一地块既用河水灌又用井水灌，共用一套灌溉工程系统。在这类灌区发展节水灌溉时，既可以采用渠道防渗和先进的灌水技术减少渠道输水损失和田间灌水损失的工程技术措施，也可以渠道不防渗，田间灌水仍用传统方法，而采用相应的工程技术和管理措施提高灌溉水的重复利用量。 
低山丘陵区河道截渗拦蓄和高水位池联合供水的节水灌溉工程技术模式 
北方丘陵山区的小河道，尽管干旱季节河道经常断流，但到汛期往往洪水汹涌，且泥沙很多。因此，在这种河道截渗拦蓄开辟灌溉水源时，一定要做好水文分析，进行周密的工程设计，确保能防洪和防淤积，并要符合国家有关这类河道的防洪规定。在设计高位水池时，要认真研究分析河道通过截渗拦蓄能供给灌溉的水量，防止因水池设计过大，引起整个灌溉工程投资的浪费。为了降低工程投资，从河道水源向水池供水的“上水管”与水池自压向灌溉系统输水的“下水管”应共用同一条管道。因此，在设计时应在同时满足这两种需要的条件下选用适合的管径。 
经济发达地区减轻劳动强度提高生产效率的节水灌溉工程技术模式 
这种模式一般包括在大田作物灌溉上采用固定式喷灌或机械移管式喷灌，而机械移管式喷灌当前首选的是卷管式喷灌机；经济作物采用固定式微灌，并运用自动化控制技术。对于固定式喷灌，可适当选用较远射程的喷头，加大支管和喷头的间距，减少管道用量，从而降低工程投资。也可选用诸如筋塑管等新型的地理压力管材，降低管材投资。为不影响机耕，地埋压力管与竖管连接的接头应设计在地表面以下。对于卷管式喷灌机，目前最大的问题一是喷灌所需的工作压力高、能耗大，造成运行成本高；二是田间需留出约2米宽的喷头车行道，占地多且农民不易接受。针对这些情况。应研制一种小型卷管式喷灌机，所需喷头车行道很小，容易在种植作物的宽行中行走，喷灌所需工作压力也应大幅度降低。这样的卷管式喷灌机，可在与一般人工移管式喷灌系统相同的田间条件下工作，所需的劳动强度也将会大量减少。

                                            ",2016-02-05,我国北方几种节水灌溉工程技术模式
"
                                                近几年，我国加快了节水灌溉技术的发展，各地结合实际，因地制宜地总结和推广了以下十种节水技术： 
　　（1）渠道防渗技术。目前，全国灌区渠道总长度为300多万公里，其中土渠占80%。土渠输水水的利用系数一般只有0.4-0.5，差的仅有0.3左右。采用渠道防渗技术后，可使渠系水的利用系数提高到0.75-0.85。此外，渠道防渗还具有加大过水能力、减小过水断面、有利于农业生产抢季节、节省土地等优点。渠道防渗是我国当前节水灌溉技术推广的重点。根据渠道防渗所使用的材料进行划分，我国目前主要采用混凝土衬砌、浆砌石衬砌、预制混凝土与土工布复合防渗等型式。近几年，每年完成渠道防渗约5万公里。 
　　（2）管道输水技术。管道输水具有节水、输水迅速、省地、增产和有利于抢季节等优点，与土渠相比较，利用管道输水水的利用系数可提高到0.95，节电20%-30%，省地2%-5%，增产幅度10%左右。目前管道输水技术主要在我国北方井灌区推广应用，在南方部分水稻种植区和北方自流灌区也开始采用管道输水技术。近几年来，管道输水发展较快，每年新发展4万公里左右。目前我国管道输水常用的管材主要有塑料管（硬管、软管）和混凝土管，其中专门用于管道输水的低压薄壁塑料管应用最为广泛。 
　　（3）畦灌、沟灌技术。畦灌是耕地经平整后，利用畦埂将田块划分成小块进行灌溉；沟灌是耕地经平整后，以一定距离开成一道道输水沟，灌溉水通过水沟进行灌溉。畦灌、沟灌都是对大水漫灌方式的一种改进，以达到节约灌溉用水的目的。由于技术简单、投资省、农民易于掌握，目前在全国已推广约2亿亩。 
　　（4）喷灌技术。喷灌可使水的利用率达80%。由于取消田埂、畦埂及农毛渠，一般可以节省土地10%-20%，作物增产幅度可达20%-30%。此外，不需平整耕地、修建田间农毛渠和打埂，不但省工省力，而且有利于农业机械化、现代化。目前在我国推广的喷灌型式主要有轻小型喷灌机、固定式喷灌、移动管道式喷灌、卷盘式喷灌机、大型喷灌机等。喷灌每亩设备投资为100―300元，国产轻小型喷灌机每台仅几千元，亩投资低，适合目前我国农户购买，用得最多。喷灌在我国北方特别在井灌区发展较快，每年新增喷灌面积在600万亩以上。 
　　（5）微灌技术。微灌将水和肥料浇在作物的根部，它比喷灌更省水、省肥。当前在我国推广的主要型式有微喷灌、滴灌、膜下滴灌和渗灌等。膜下滴灌具有增加地温、防止蒸发和滴灌节水的双重优点，节水效果最好，近几年，在我国西部得到迅速推广。微灌每亩投资为500-1200元之间，在我国主要应用于果树、蔬菜、花卉、大棚、棉花等。近年来，随着产品国产化和价格的降低，微灌发展迅速，每年新增微灌面积在50万亩以上。 
　　（6）水稻控制灌溉技术。根据水稻不同生育期对水分的不同需求进行灌溉，即改变以往水稻大水漫灌、串灌的旧习惯，而采取“薄、浅、湿、晒”的方式进行灌溉。这项技术只是改变灌水习惯，每亩可以节水100立方米，增产稻谷25公斤，效益显著，近来年已在全国水稻产区推广了6000万亩。这项技术在国际灌排会议上作了介绍，受到好评。 
　　（7）集雨节灌技术。近几年来，西北地区群众将当地解决人畜饮水的集雨技术和节水灌溉技术结合起来，通过修建集雨场，将雨水集中到小水窖、小水池等小、微型水利工程，再利用滴灌、膜下滴灌等高效节水技术进行灌溉。集雨节灌工程可以使干旱缺水地区群众同平原地区一样发展“二高一优”农业，走上脱贫致富之路。集雨节灌技术已在西北（降雨量一般要大于250毫米）和西南地区得到了推广，据统计，近几年全国共投入26亿元，兴建小水窖、小水池377万处，发展集雨节灌面积460万亩。 
　　（8）“坐水种”技术。在一些干旱缺水尤其是东北地区，春播时常因春旱出不了苗或出苗不齐，为保全苗，采用机械或用水箱、水袋拉水，在播种时进行点灌，俗称“坐水种”。这种方法投资少、简单易行。播种时每亩用水量仅5-10方，干旱年份可增产60%-70%。近几年全国坐水种面积每年约为5000-7000万亩。 
　　（9）抗旱保水技术。抗旱保水技术主要包括在农田推广使用国产的抗旱剂、保水剂，以及通过地膜和秸杆覆盖等农艺措施增加土壤对天然降雨的蓄集能力和保墒能力，减少作物蒸腾，提高抗旱能力。近几年每年推广施用抗旱剂近千万亩，平均增产10%-20%。 
　　（10）管理节水技术。通过提高灌溉管理水平，采用科学的灌溉方式，达到节水的目的，主要有根据作物需水量和对土壤墒情的监测，进行适时适量的科学灌溉；对灌溉用水进行科学合理的调度；通过调整过低的水价，改革用水管理体制，让农民参与管理，提高农民节水意识。如山西、陕西、甘肃等高扬程提水灌区通过水价的调整使农田灌溉用水量减少了30%左右。 


                                            ",2016-02-05,十种节水技术
"
                                                1、地球上有多少水？人们常说的水资源是指哪些水？ 
地球的自然环境由大气圈、水圈、岩石圈和生物圈构成，水圈包括地球上所有形式的水，其总储量达13.86亿立方公里（1立方公里=100万方），极其丰富。其中96.5%是海水，约覆盖地球表面总面积的71%，因其含盐量高，通常不能作为淡水资源直接被利用；地球上的淡水资源总量约为0.35亿立方公里，占总储量的2.35%，其中深层地下水、两极和高山的冰川与永久雪盖、永冻层底冰等占淡水资源总储量的99.86%，是静态水量，很难为人们所利用。 
人们常说的水资源是指可供人们经常取用的，在一定时间内能够得到恢复和更新的淡水量，即大陆上由大气降水补给的各种地表和地下淡水水体的动态水量，这部分水量也就是自然界水循环中平均每年由海洋向大陆净输送的水气量或由大陆注入海洋的河川径流量，其总水量约为4.7万立方公里，只占地球上淡水资源总储量的0.13％。 
2、我国水土资源承载力如何？ 
随着我国经济总量和人口总量的不断增加，水土资源的承载力已经接近上限，我国人均耕地不足世界平均水平的1/3，人均水资源量不足世界平均水平的1/4，水土资源严重不足，已成为国民经济发展，特别是农业可持续发展的首要制约因素。因此，发展节水农业，提高农业用水的有效利用率，增加单位面积的作物产量，是农业可持续发展的重要基础。 
3、自然界中各种形式的水是怎样相互转化的？ 
自然界中各种形式的水的相互转化有大循环和小循环之分。所谓大循环是指海洋的水通过蒸发变为水蒸气升到大气层，形成气团（也就是天上的云），云在风的不断吹动下飘向陆地的上空，在一定的条件下变成雨或雪降落到地面，一部分形成地表水（江、河、湖等），另一部分渗入地下形成地下水。小循环指的是陆地上的地表水和地下水直接或间接（通过植物）蒸发变为水蒸气上升到天空变为云，再以雨或雪的形式降落到地面的过程。 
4、水资源是取之不尽用之不竭的吗？ 
由于地球上存在着水循环作用，大气降水（雨、雪等）会不断的对水资源进行补给，所以水资源是一种可再生的资源。但是水资源的这种可恢复性在一定时间、一定区域内却是有限的，如果不讲究科学，超过限度的开发利用水资源，定会带来很多恶果，有些地区长期超采地下水，地下水位下降造成地面沉降、海（咸）水入侵等即是例子。因此水资源不是取之不尽用之不竭的。 
5、为什么说今后国家或地区间的争端主要源于水？ 
现在整个世界有能源、水源、食物、人口等多种危机，其中危机程度最严重、影响最广的是水资源的相对短缺。因为水首先是人类生存的必要条件，其次水是农业、国民经济的命脉，对于一个国家或地区而言，经济越是发展水也越显不足。因此今后国家或地区间的争端有可能主要表现在对于水的争夺或占有上。 
6、我国水资源在时间、空间上是如何分布的？ 
我国水资源在分布上具有时、空分布不均衡和水、土资源组合不平衡的显著特征。 
我国地域辽阔，跨跃高、中、低三个纬度带，由于东西距海的远近、南北纬度的高低相差大，全国降水量和径流量的地区分布极不均匀，总的趋势是由东南沿海向西北内陆递减。我国地表径流的分布趋势，基本上与降水量相似，但地区分布的不均匀性比降水量更为严重。总的来说，南方水多、人多、地少；北方地多、人多、水少。南方四片水资源总量占全国的81%，人均占有水量约为全国均值的1.6倍，亩均占水量为全国均值的2.3倍。其中，西南诸河片人均占有水资源量达全国均值的15倍，亩均占有水量达全国均值12倍。北方片中黄河、淮河、海河三大流域的水资源总量仅占全国的7.5%，而人口和耕地却分别占到全国的34%和39%。尤其是海滦河片，人均和亩均水量都是全国的最低值，人均占有水量为全国均值的16%，亩均占有水量为全国均值的14%，是我国缺水最严重的地区之一。南方和北方相比，前者人均水量为后者的4.5倍，亩均水量为9.1倍；西南诸河与海滦河相比，前者人均水量为后者的89倍，亩均水量为87倍。 
我国水资源在时间分布上变化很大，水旱灾害频繁。由水循环可知，自然界的水循环在时间上的变化很不稳定，因此水资源在时间分配上具有不均匀性。尤其是我国位于世界著名的东亚季风区，属显著的大陆性季风气候，因此降水量和径流量的年内年际变化都相当大，而且贫水地区的变化一般大于丰水地区。据统计，全国大部分地区连续最大四个月降水量占全年的70%左右。南方大部分地区连续最大四个月径流量占全年径流量的60%左右，华北、东北的一些地区可达全年径流量的80%以上。 
年降水量的最大与最小比值，在南方为2～4倍，在北方为3～6倍。年径流量的最大与最小比值，在长江、珠江、松花江为2～3倍，黄河为4倍，淮河为15倍，海河则高达20倍。而且年际间还存在着连丰、连枯的现象，如黄河1922～1932年连续11年的平均年径流量比正常年少30%，海河北系1980～1984年的平均年径流量比正常年少1/2。松花江在近80年中出现过连续11年和连续13年的枯、丰年组，1916～1928年的平均年径流量比正常年少41%，而1953～1966年又比正常年多41%。 
降水量和径流量年际间的悬殊差别和年内高度集中的特点，不仅给开发利用水资源带来了困难，也是水旱灾害频繁、农业产量不稳定的重要原因之一。 
7、为什么我国被列为世界上十三个贫水国之一？ 
我国的水资源总量为2.8亿方，排名世界各国的第六位，但我国人口占世界总人口的五分之一还多。现状人均占有水资源量仅2200 方，不足世界人均数的四分之一，排在一百位之后，而且我国水资源在时间和空间的分布还极不均匀，总的来看，南方多，北方少、西南多、西北少。人口密集的地方人均占有水资源仅为几百立方米，远低于世界贫水国家的平均水平。我国人口增至16亿时，人均水资源将降到1760 方  ，按国际上一般承认的标准，人均1760 方  为用水紧张的国家，所以，我国被列为世界上十三个贫水国之一。 
8、缺水会给工农业生产带来什么样的后果？ 
随着人口增长和社会经济的高速发展，工农业用水量不断增加，而供水的增长明显落后于需水的增长。按现状用水统计，全国在中等干旱年缺水360亿方。近10多年来，全国每年受旱面积都在0.2～0.27亿公顷（1公顷=15亩），约有0.07亿公顷灌溉面积由于缺水得不到灌溉。每年由于缺水少生产粮食600～700亿公斤以上。在全国640个城市中，缺水城市达300多个，其中严重缺水城市114个，日缺水量达1600万万。全国每年因缺水造成的直接经济损失达2800亿元，是洪水灾害损失的2.5倍以上。 
由于缺水而过量开发利用水资源，造成黄淮海流域、辽河流域、胶东半岛诸河以及新、青、甘、宁、蒙内陆河流域等地区有的河流河水枯竭、河流断流、河道萎缩、湖泊干涸；有的地下水位下降，形成地下水漏斗、地面沉降、海水倒灌；有的土地荒漠化，对我国的生存与发展已构成严重威胁。 
河湖水域污染，不少河常年流的是污水、臭水。河流入海水量减少，造成河道淤高、河口淤积。地表水不够用就转向超采地下水。河北、山东、辽宁、山西、北京等省市每年超采地下水数十亿方，河北中南部平原地区地下水位平均每年下降1～1.5米，机井深度从20～30米发展到300～400米。超采地下水造成水质变差，地面沉降，沿海地区海水入侵，良田变成盐碱地。甘肃省河西走廊的石羊河，上游过量用水，减少了对下游地区地下水的补给，民勤县绿洲萎缩，大面积沙枣树枯死，植被退化，土地沙化、碱化、腾格里沙漠向南进逼，已有十多万亩耕地撂荒等等。这些都直接威胁着我国工农业生产的发展。 
9、导致缺水的主要原因是什么？ 
就我国情况而言，导致缺水的主要原因有自然、人为两大因素。我国地理位置、地势条件决定了我国的一个基本的气候条件――季风气候，这样一个气候条件形成了我国每年自二月份开始，在暖湿气流的影响下，自南向北逐渐形成多雨区，到8月份止，此后便进入降温期，受西伯利亚寒流的影响，形成寒冷少雨季节。这样年复一年，循环不止，形成我国降雨主要集中在6-9月份，可利用的淡水不能有效的利用，白白流入大海，造成自然浪费。另一方面，人为地破坏生态环境加剧了水土流失浪费了水源。城市工业、生活用水和农业用水也存在浪费现象。工、农业的发展还对水资源造成严重污染。这些都是导致缺水的原因。 
10、我国解决农业缺水问题的对策如何？ 
制定和探讨21世纪水问题战略，已是世纪之交各国政府和国际组织的重点议题之一。发达的经济和社会必须要有高效率和可持续的水资源作为支撑条件，这在当今世界已成为共识。解决缺水有多种战略对策，但是必须因地制宜。对于许多缺水国家或地区来说，如何把有限的水资源用好，已愈来愈成为这些国家或地区用于解决其水资源紧缺的重要措施。 
我国地域辽阔、地形复杂、气候多样、降水量由南到北、由东向西递减，干旱半干旱、半湿润气候区域约占国土面积的2/3，水土资源分布不相匹配，降水量年内分配与年际变化很大，这些自然条件决定了灌溉在我国农业发展中的特殊地位。据有关研究资料显示，全国约70%的粮食、80%的棉花、90%的蔬菜都产自于仅占全国耕地面积1/2以下的灌溉土地上，灌溉面积的巩固和发展愈来愈成为影响中国粮食安全的主要因素。灌溉用水为全国主要用水大户，1993年全国总用水量为5198亿方，其中农业灌溉用水为3817亿方，占总水量73.4%。各级政府都非常重视节水，党的十五届三中全会明确提出要“加快现有大中型灌区水利设施的维修和完善”，“把推广节水灌溉作为一项革命性措施来抓，大幅度提高水的利用效率”。为了大幅度提高水的利用率，国家决定“九五”期间（1996-2000年），每年安排节水灌溉贴息贷款，由中央和地方财政贴息，专门用于支持发展节水灌溉、打井等节水工程建设；安排一定规模的中央财政预算内专项资金和国债资金，专门用于大型灌区节水改造续建配套项目和节水增效灌溉示范项目建设。同时在“九五”期间还组织实施了全国300个节水增产重点县建设，旨在以点带面，推动全国节水灌溉的普及推广。据资料统计，“九五”期间全国用于发展节水灌溉的资金投入约430亿元，新增各类节水灌溉工程面积760万公顷（合1.15亿亩）。截止到2000年底，全国节水灌溉工程面积已达1860万公顷（2.8亿亩），占全国有效灌溉面积的比例从“九五”初期的21.8%提高到34.1%。由于节水灌溉的推广普及，实现了在灌溉用水总量零增长的情况下，农业生产条件进一步改善，抗旱能力有所提高，促进了农业产业结构和种植结构的优化调整，推动了农业和农村经济的发展。 
11、今后分配给农业的用水量为什么会逐年减少？ 
我国和世界上其他国家一样，随着国民经济的快速发展和城市化率的不断提高，用于工业和城市生活、环境的水必然越来越多，那么用于农业生产的水量必然会逐年减少。在五六十年代我国农业用水占社会总用水量的85%以上，而进入七十年代农业用水量占80%左右，而现在的农业用水量已不足75%，预计今后其比重还会降低。 
12、水少了还能增加灌溉面积吗？ 
随着经济的发展、人口的增加、社会的进步、工业和城市用水量的激增，农业用水量占全国总用水量的比重已从70年代的80%左右降到目前的70%左右，且仍有下降趋势，农业用水供需矛盾日益突出。但一方面农业缺水，另一方面农业用水浪费现象又普遍存在，我国目前的农业用水有效利用率只有30%～40%，也就是说有一多半的水在输送和灌溉过程中被白白浪费掉了，不能被农作物利用。而先进国家农业灌溉水的有效利用率高达70%～80%以上；我国单方水粮食生产能力只有1公斤左右，而先进国家为2公斤，以色列达2.35公斤。就是说我国目前的农业用水利用率、生产效率都很低，若大面积采用渠道防渗、管道输水、喷灌、微灌等先进的节水灌溉技术措施，将水的利用率提高到60%的话，其灌溉面积可是现在的1.5～2倍。因此，通过推广节水灌溉技术，水少了仍可增加灌溉面积，且可节省水资源用于发展国民经济其它各部门，促进国家、社会、经济的发展。但通过普及节水灌溉技术节约下来的水是否增加灌溉面积，还应科学合理地统筹安排和考虑。 
13、井水位为什么会不断下降？ 
机井抽取的是埋藏于储水沙层的地下水，按照其埋藏条件可分为潜水和承压水。地下水的补给源是降雨和地表水体，潜水（浅层地下水）直接受地面的降雨入渗、河渠渗漏补给、各种回归补给，自然循环期约为1－10年。而承压水（深层地下水）则是接受远在上游的山区入渗补给，其循环期在千年甚至万年以上。不管是潜水还是承压水每年的补给量是有限的。只要机井抽出的水量大于地下水的补给量，就叫超采地下水，井的水位就会不断下降，尤其是承压水一旦下降再恢复则是十分困难的。 
14、地下水漏斗是怎么回事？ 
大家知道漏斗的形状，即中间低周围高。地下水漏斗是指形状如漏斗状的地下水位分布。一个地区如果长期超采地下水，就会形成大范围的中间低周围高的地下水位漏斗区。 
15、地下水位下降会带来什么样的后果？ 
地下水位下降后，由于破坏了原地层的受力平衡，在地面载荷（压力）作用下被疏干的含水层就会被压缩，因此可造成地面下沉，建筑物倾斜、开裂，桥梁、道路变形等严重的后果。另外，地下水位下降还可引起海水倒灌、咸水入侵等污染淡水资源的现象。 
16、作物是怎样吸收水分的？ 
作物为了获得生长需要的水分，大都通过根系从土壤中吸收。根系也不是全部都能吸水，主要是在根尖部分进行。其中以根毛区的吸水能力最大，根冠、分生区和伸长区较小。由于根系吸水主要在根尖部位进行，所以农田灌水应考虑作物大部分根尖的深度。根系吸水有两种动力，就是根压和蒸腾拉力。 
根压。由于根系的生理活动使液流从根部上升的压力。根压把根部的水压到地上部位，土壤中的水便补充到根部，这就形成根系的吸水过程。 
蒸腾拉力。叶片蒸腾时，气孔下腔附近的叶肉细胞因蒸腾失水而水势下降，如此下去，便通过一系列导管最后根细胞从土壤中吸取水分。这种吸水是由蒸腾失水而产生拉力所引起的根部被动吸水。蒸腾拉力是蒸腾旺盛时根系吸水的主要动力。大田作物绝大部分的水是靠这种动力来吸收的。 
17、农谚说“有收无收在于水”有科学道理吗？ 
凡种过地的人都经常听说过“有收无收在于水”这句农谚。这句话形象地概括了作物对水的需求，和水在农业生产中的作用和地位，有一定的科学道理，但不太全面。因为，每一种作物从种到收整个生育过程中每时每刻都需要水，而且有一定的需水规律，并不是水越多越好。在任何时候，当土壤中的水多于作物正常生长所需要的水时，作物反而不能正常生长。当长期处于多水状态时，作物有可能受浸或受涝而死。因此说作物离开水不行，水多了也不行。 
18、传统灌溉模式是什么样子的？ 
传统的灌水方法水是从地表面进入田间并借重力和毛细管作用浸润土壤，所以也称为重力灌水法。这种办法是最古老的也是目前应用最广泛、最主要的一种灌水方法。按其湿润土壤方式的不同，可分为畦灌、沟灌、淹灌和漫灌。 
⑴ 畦灌 畦灌是用田埂将灌溉土地分割成一系列长方形小畦。灌水时，将水引入畦田后，在畦田上形成很薄的水层，沿畦长方向移动，在流动过程中主要借重力作用逐渐湿润土壤。 
 = 2 \* GB2 ⑵ 沟灌沟灌是在作物行间开挖灌水沟，水从输水沟进入灌水沟后，在流动的过程中，主要借毛细管作用湿润土壤。和畦灌比较，其明显的优点是不会破坏作物根部附近的土壤结构，不导致田面板结，能减少土壤蒸发损失，适用于宽行距的中耕作物。 
 = 3 \* GB2 ⑶ 淹灌（有称格田灌溉）淹灌是用田埂将灌溉土地划分成许多格田，灌水时格田内保持一定深度的水层，借重力作用湿润土壤，主要适用于水稻灌溉。 
 = 4 \* GB2 ⑷ 漫灌漫灌是在田间不做任何沟埂，灌水时任其在地面漫流，借重力渗入土壤，是一种比较粗放的灌水方法。灌水均匀性差，水量浪费较大。 
19、土渠输水能浪费多少水？ 
根据我国对多数灌区的统计，土渠输水渠系水的有效利用率不足40%，也就是说引水100方,到田间以前有60 方水被浪费掉了。 
20、大水漫灌时水到哪里去了？ 
农田水分消耗的途径主要有植株蒸腾、株间蒸发和深层渗漏（或田间渗漏）。大水漫灌由于灌水量大，使得土壤含水量接近甚至达到饱和，增加了土壤水的蒸发能力，大量的水消耗于无效的株间蒸发；超过土壤田间持水率的水分，在重力的作用下，渗漏到作物根系层以下，形成深层渗漏；有部分水消耗于植株蒸腾。 
21、什么是作物需水量？ 
作物需水量就是作物生长发育过程中所需的水量，一般包括生理需水和生态需水两部分。生理需水是指作物生命过程中各项生理活动（蒸腾、光合作用和构成生物体系等）所需要的水分。生态需水是指给作物正常生长发育创造良好生活环境所需要的水分，如调节土壤温度、影响肥料分解、改善田间小气候等所需要的水分。由于上述各项需水量不好测定和计算，在生产实践中用作物的蒸腾量和颗间蒸发量来表示作物需水量，又叫腾发量。作物生长过程中可以从天然降雨和地下水获得一部分水分，差额部分就是需要灌溉的净水量。 
22、节水灌溉究竟要节哪些水？ 
将灌溉水自水源输送到农田，满足作物的需要，可以分为三个环节，即通过输配水系统把水送到田间；在田间为作物所利用；作物吸收的水通过光合、蒸腾作用最后产出收获量。节水灌溉在这三个环节中都有水可节。即减少输配水损失；在田间减少深层渗漏和株间蒸发；在第三个环节中，提高水分的产出率也是节水。 
23、节省灌溉水的途径有哪些？ 
采用各种防渗措施和管道输水，再加上加强管理可以减少输配水损失。采用节水的灌水技术，如小畦灌、喷滴灌、水稻控制灌溉等可减少田间损失。采取节水灌溉制度和农业措施可提高水的产出量。以上措施都要硬件和软件相结合，才能效果更佳。 
24、如何制定作物的灌溉制度？ 
常采用以下三种方法来确定灌溉制度。 
（1）总结群众丰产灌水经验 
多年来进行灌水的实践经验是制定灌溉制度的重要依据。灌溉制度调查应根据设计要求的干旱年份，调查这些年份的不同生育期的作物田间耗水强度（毫米/天）及灌水次数、灌水时间间隔、灌水定额及灌溉定额。根据调查资料，可以分析确定这些年份的灌溉制度。一些实际调查的水稻的灌溉制度举例如表。 
 
 
  
   
    项目 
    早稻 
    中稻 
    一季晚稻 
    双季晚稻
   
   
    泡田定额 （方/亩） 
    70～80 
    80～100 
    70～80 
    30～60
   
   
    灌溉定额 （方/亩） 
    200～250 
    250～350 
    350～500 
    240～300
   
   
    总灌溉定额 （方/亩） 
    270～330 
    330～450 
    420～580 
    270～360
  
 
 
 
（2）根据灌溉试验资料制定灌溉制度 
我国许多灌区设置了灌溉试验站，试验项目一般包括作物需水量、灌溉制度、灌水技术等。实验站积累的试验资料，是制定灌溉制度的主要依据。但是，在选用试验资料时，必须注意原试验条件，不能照搬。 
（3）按水量平衡原理分析制定作物灌溉制度 
根据农田水量平衡原理分析制定作物灌溉制度时，一定要参考群众丰产灌水经验和田间试验资料。也即这两种方法结合起来，所制定的灌溉制度才比较完善。 
25、缺水地区如何灌关键水？ 
关键水指的是作物生长发育处于关键时刻，对水的需求量最敏感，一旦缺水将严重影响产量时的灌水。在缺水地区，由于水资源有限，往往采取非充分灌溉和灌关键水的办法来充分发挥有限的水资源的作用。应根据各种作物的需水特性，找出其敏感期，灌好关键水。 
26、水稻灌溉的节水潜力有多大？ 
水稻需水可分为生理需水和生态需水两部分。 
生理需水是指稻株通过根系从土壤中吸入体内的水分，以满足个体生长发育和不断进行生理代谢所消耗的水量。其中较大的消耗是水稻的蒸腾作用。 
生态需水是指水稻体外的群体间和生活的土壤环境的用水，把水作为生态因子调节稻田湿度、温度、肥力和水质以及通气作用等所消耗的水量。 
稻田每天吸收的水量中作为某些化合物成分和作为反映剂所用的水量仅为全部吸水量的1%，其余99%通过蒸腾而散失。由此可见，适当调节水稻的蒸腾可能是节水的潜力所在。 
过去人们常把满足水稻生理需水和生态需水要求作为合理灌溉的准则，其实“满足”二字未必确切。高产栽培中对水稻需水往往进行“调节”，而不是“满足”。现在已经清楚，水稻的生态需水（如调温、调肥、灭草、洗盐等）是完全可以调节的。在一定条件下，甚至可以把生态需水减少到很低的程度，只要措施得当，仍可取得较好的产量。 
27、水稻的节水灌溉方法有哪些？ 
水稻的节水灌溉方式有：改串灌为格田灌，勤晒少灌，湿润灌溉，浅灌深蓄，浅湿灌溉，控制灌溉等多种。 
28、冬小麦的节水潜力有多大？ 
在我国华北地区，充分供水条件下的冬小麦全生育期需水量约为470～520毫米，但是，在采取灌关键水等节水措施条件下，实际蒸腾蒸发量在200～300毫米条件下就获得了5000～6000公斤/公顷（的产量水平。1986～1989年在山西留屯进行的旱地小麦实验，在生育期降水量140～145毫米、中等肥力、采用秸秆覆盖的条件下，只在全生育期补灌60毫米水量，就获得了5625公斤/公顷的产量，水分生产效率达到1.9公斤/方（按利用前期土壤贮水100毫米估计）。中国农业科学院商丘万亩节水示范区1988年（节水前）水分生产效率为1.03公斤/方，到1992年（采取综合节水措施后）水分生产效率增至1.78公斤/方。 
北京南邵乡1993年以前，农民采用当地传统的灌溉制度，冬小麦全生育期喷灌水量为450～510毫米，平均单位面积产量4755～5505公斤/ 公顷，水分生产率0.93～1.10公斤/方。1994～1997年按清华大学制定的科学喷灌制度进行灌溉和田间管理，冬小麦全生育期的灌水量为200～260毫米，总耗水量由原来450～520毫米减至286～308毫米，平均单位面积产量稳定在6930～7080公斤/公顷，水分生产率达到2.30～2.43公斤/方。 
29、冬小麦每次灌水量多少为宜？全生育期灌水多少合适？ 
冬小麦和其他作物一样，从种到收整个生育期有自己的需水规律，苗期株小根浅需水量较小，返青以后植株迅速生长，根系快速发育，其需水量增加也较快。从满足冬小麦需水的角度讲，早期（苗期、返青期）一次灌水每亩灌水20方即可，中期（孕穗、灌浆期）一次灌水每亩30～40方为宜。冬小麦全生育期需水与整个生育期内降雨情况密切相关。华北地区干旱年为200～300方/亩，湿润年为150～200方/亩。华中、华东地区干旱年为200～250方/亩，湿润年为100～150方/亩。 
30、玉米每次灌水量多大为宜？全生育期灌多少水合适？ 
玉米植株高大，叶片茂盛，生长期又多处于高温季节，植株蒸腾和棵间蒸发大，为了制造大量有机物质，也需要消耗较多的水。据山东、山西两省灌溉实验和调查，在生长旺盛期内，一株玉米每昼夜耗水1.5～3.5公斤，而生产1公斤籽粒，则需耗水1000公斤左右。另据实验调查：黑龙江省春玉米的需水量为263～400方/亩；内蒙古黄河灌区亩产350～500 公斤的春玉米需水量为220～308方/亩；陕西省亩产400公斤左右的夏玉米需水量为170～200方/亩。北方有些地区的群众把玉米看成“水布袋”、“水罐罐”庄稼，说明玉米比高粱、谷子、黍等作物的需水量要多。 
31、棉花每次灌水量多大为宜？全生育期灌水多少合适？ 
棉花早期（苗期、现蕾期）每次灌水30方即可，中后期（花铃期、吐絮期）每次灌水40方为宜。其全生育期灌水量视干旱程度不同而异，一般在250～400方/亩之间。 
32、节水灌溉可以从那些方面入手？ 
节水灌溉措施有多种分类方法。这里，首先将节水灌溉措施划分为工程类措施与管理类措施两大类。其中工程类措施又可进一步划分为三类：渠系输水节水措施、田间灌水节水措施和渠井结合节水措施。渠系节水措施通常又分为渠道防渗措施和管道化输水措施。在渠道防渗措施和管道化输水措施中，按材料性质和输水量的大小又可划分为若干种类或若干结构形式的工程。田间灌水节水措施通常又可分为改进地面灌水技术、推广喷灌技术和微灌技术。改进地面灌水技术通常又包括平整土地、大畦改小畦、长畦改短畦、间歇灌（或称波涌灌）、膜上灌和膜下灌等多种节水灌溉措施。喷灌又分移动式、半固定式、固定式，其中每一类喷灌机组又有多种形式与型号。微灌又分地面滴灌、地下滴灌、微喷灌、涌泉灌、小管出流灌等多种。渠井结合应用的节水措施通常又分为三类：一是在渠灌区内发展部分井灌面积，减少地面水供水量；二是在经济财务可行的条件下，结合灌区改造发展渠井双配套灌溉措施，实施井渠双灌，有利于平原灌区水量的季节性调节，即可提高灌溉保证率，又可控制地下水位，减少潜水蒸发、防止土壤盐碱化；三是在缺水的井灌区引地面水补源，进行地面水与地下水联合运用。管理类节水措施通常分为六类，分别为：改进灌溉制度、建立节水技术服务体系、改进水源管理、改革水管理体制、政策与法规、制定合理水价标准与水费计收办法。其中每一类又包括1～3项管理节水措施。 
33、什么是工程节水灌溉措施？ 
凡是以工程形式达到节水目的的灌溉措施都称作工程节水措施，如渠道衬砌、管道输水灌溉、低压管道灌溉、喷灌、微喷灌等。 
34、什么是农艺节水灌溉措施？ 
农艺节水措施包括调整作物种植结构，如我国北方适当减少耗水量大的水稻、小麦等的种植面积；采用耐旱节水品种；加强耕作覆盖，如秸秆覆盖、塑膜覆盖等；施用化学保水剂；推行节水灌溉制度；其它耕作技术等等。 
35、什么是管理节水灌溉措施？ 
管理节水灌溉措施主要指在灌溉管理环节上对用水计划、配水计划、渠道工作制度和工作顺序等方面通过科学管理、合理调度达到减少损失、节约用水的目的。 
36、减少输水损失有哪些措施？ 
减少输水损失的方法主要有渠道衬砌防渗、低压管道输水等措施。 
37、渠道防渗的方式有那几种？ 
我国渠道防渗的方式主要有：混凝土衬砌防渗、砌石防渗、沥青防渗、粘土及塑料薄膜防渗等多种形式。 
38、渠道衬砌的形式如何选择？ 
我国在小型渠道上已普遍推广U型断面形式，在大、中型渠道上多采用梯形断面，并将逐渐推广采用弧形坡脚梯形断面和弧形底梯形断面。 
U型断面防渗渠道系采用底部为半圆或弧形、上部为一定倾角的直线段的断面形式。近年来，有些灌区结合当地实际对U型断面进行了改进，采用抛物线型断面，比U型断面更接近于最优过水断面。U型断面混凝土衬砌渠道较梯形渠道每公里输水损失小3.7%，较土渠可以减少渗漏损失97%，防渗效果最好；它近似于最佳水断面，水流条件好、流速快、输水输沙能力强；它抗冻害性能较高，冻害程度仅为梯形渠的1/3～1/4，便于管理，投资少，现已在陕西、山西、北京、河南等省（市）的小型渠道上大量推广。 
（2）弧形坡脚梯形断面或弧形底梯形断面防渗渠道 
此种渠道的优点是：较梯形断面流速分布均匀，近似最佳水断面，流速较快；改善了防渗渠道冻胀变形分布的不均匀性，且渠底有一定的反拱作用，故可以减轻冻害，减少裂缝和错台现象，造价较低，其边坡的稳定性较高，可用于大、中型防渗渠道。 
39、什么是低压管道输水灌溉？ 
低压管道输水灌溉是指在井灌区，通过抽水设备（水泵）给灌溉水体施加少量压力，并通过管道直接将水送到田间的一种灌溉技术。该项工程技术从80年代起在我国华北地区发展迅速。 
40、低压管道输水灌溉是完全的节水灌溉吗？ 
低压管道输水只是解决输水过程中的节水问题，所以还不是完全的节水灌溉。 
41、如何选择输水管道的形式和材料？ 
管道输水形式分为有压、无压、固定和移动等多种方式。应根据实际情况（地形、地势、水源、作物等）进行合理选择。用于输水的管材有：铸铁管、钢管、钢筋混凝土管、石棉水泥管、塑料管、水泥土管等。应根据各种管材的实用性和价格等因素进行合理选择。目前，塑料管是应用最广泛的一种管材。 
42、渠灌区中哪级渠道可用管道代替？ 
管道输水中设计管径一般采用已生产的管径规格，为了运行经济，按经济流速法或限定流速法来确定管径。某级渠道能否用管道代替，要根据渠道流量和上述方法确定管径，如果在已生产的各类管道中有相近的管径规格即可用管道来代替该级渠道的输水，否则是不经济的。对多泥沙水源要考虑泥沙处理问题。 
43、田间灌溉方式有哪几种？ 
田间灌溉方式有地面灌溉（南方水田多采用格田灌，北方旱作物多采用畦灌和沟灌）、喷灌、滴灌、膜上灌、波涌灌等多种形式。 
44、什么是田间闸管系统？ 
    为了保证畦灌的灌水质量，首先应当控制入畦流量和放水时间。我国农村现在多数是由人工开口并放水。这样，不但劳动量大，而且开口大小不易掌握，使得入畦流量控制不准，水流还容易冲大水口。因此，现在世界上许多先进国家已广泛采用闸门孔管或虹吸管来进行配水。 
闸门孔管就是一种移动管道，在管道一侧每隔一定距离就有一个装有小闸门的孔口。使用时放在畦首，孔口对着畦。每个畦可以有一个或几个孔口供水，当畦比较宽时，每个畦的供水口最好为两个以上，以保证在靠近畦首的畦中横向水量分布比较均匀。孔口的开度可以根据要求的入畦流量来确定。孔口间距根据畦宽来确定。闸门孔管多数是铝合金管，但也可以用塑料管。还有用薄塑料做的闸门孔管，和我国用于输水的所谓“小白龙”相似，只是它装有许多闸门孔用来配水就是了。但其闸门孔口还是要用硬塑料制造后压到薄膜塑料管上去。闸门孔管工作时要求有一定的压力，因此一般应与低压管道输水系统配合使用。 
45、大畦、长沟有何不好？ 
在选用畦、沟灌溉时，若畦块规格选择不合规则，会浪费水量。畦的宽度过大，则进入畦内的单宽流量小，畦内流速小，下渗水量就会增加，如果畦的长度过长则靠近进水口一段受水时间过长，下渗水量也会增加，造成水量浪费。长沟灌也有灌水不均，下渗量大的问题。 
46、根据什么确定畦长畦宽？ 
实施畦灌方法，要注意提高灌水技术，要根据地面坡度、土地平整情况、土壤透水性能、农业机具等因素合理地选定畦田规格和控制入畦流量、放水时间等技术要素。一般自流灌区畦长30～100米；畦宽应按照当地农业机具宽度的整倍数确定，一般为2～4米，每亩约5～10个畦田。入畦单宽流量一般控制在3～6升/秒/米左右，以使水量分布均匀和不冲刷土壤为原则。畦田的布置应根据地形条件变化，保证畦田沿长边方向有一定的坡度。一般适宜的畦田田面坡度为0.001～0.003之间。如地面坡度较大，土壤透水性较弱，畦田可适当加长，入畦流量适当减小；如地面坡度较小，土壤透水性较强，则要适当缩短畦长，加大入畦流量，才能使灌水均匀并减少深层渗漏。灌水技术要素之间的正确关系，应根据总结实践经验或分析田间试验资料来确定。 
47、沟长又是怎样确定的？ 
灌水沟的长度应根据当地的地面坡度、土壤渗水性、土地平整状况和入沟流量等多种因素合理确定。封闭沟灌入口流量一般为0.7～2.0升/秒，此时，沙壤土沟长约为30～50米，粘壤土沟长为50～80米。细流沟灌单沟流量一般为0.2～0.4升/秒。沟长应在60～120米之间（坡陡沟长，坡缓沟短）。 
48、什么是涌灌？有那些优点？ 
涌灌又称涌泉灌溉。是通过置于作物根部附近开口的小管向上涌出的小水流或小涌泉将水灌到土壤表面。灌水流量较大（但一般也不大于220升/小时），远远超过土壤的渗吸速度，因此通常需要在地表形成小水洼来控制水量的分布。适用于地形平坦的地区，其特点是工作压力低，与低压管道输水的地面灌溉相近，出流孔口较大，不易堵塞。 
49、什么是田间覆盖技术？ 
采用秸秆粉碎后还田（撒在田面上），或用塑料薄膜覆盖地面，用来减少土壤无效蒸发达到节水目的的技术，称为田间覆盖技术。 
50、什么是喷灌？ 
喷灌是利用专门设备将有压水送到灌溉农田，并喷射到空中散成细小的水滴，象天然降雨一样进行灌溉。其突出优点是对地形的适应性强，机械化程度高，灌水均匀，灌溉水利用系数较高，尤其是适合于透水性强的土壤，并可调节空气湿度和温度。但基础建设投资较高，而且受风的影响大。 
51、喷灌有那些优点？ 
喷灌的优点很多，概括起来可用下面24个字表述，即：节约用水，少占耕地，节省劳力，保持水土，适应性强，提高产量。 
52、喷灌为什么能节水？ 
由于喷灌不同于其他传统的地面灌溉方式，它是将压力水通过喷头，象降雨一样喷洒向地面，因此可以严格控制喷洒水量，不会造成因土壤含水量过大而产生深层渗漏和大量的棵间蒸发，所以喷灌能够节水，而且由于喷灌可以保证作物根系层土壤水分含量适宜，不致过湿过干，且可以改变田间小气候，还能使作物增产。 
53、为什么刮大风时必须停止喷灌？ 
喷灌有一个明显的缺点，就是其喷洒均匀度受风的影响较大。当刮大风时，如果进行喷灌作业，则其灌溉质量没有保证。另外风大时喷灌水滴在空中的漂移蒸发损失也会大大增加。因此，当刮大风时，必须停止喷灌作业。 
54、为了减少风的不利影响，在设计时应选择何种类型的喷头？ 
当喷灌灌区多风时，为了减小风对喷灌均匀度的影响，在选择喷头时应采用抗风性较好的低仰角喷头。 
55、喷灌工程有那几种形式？ 
喷灌工程分类方法有多种，管道式喷灌工程有：①固定管道式喷灌系统，②半固定管道式喷灌系统，③移动管道式喷灌系统（机组式）。 
56、采用喷灌需具备哪些条件？ 
喷灌是一种先进的灌溉技术，其建设投资和运行费用都较昂贵，技术要求高，因此采用喷灌应具备如下一些条件： 
①要有一定的能源条件。 
对于机压喷灌系统，由于需要加压才能进行喷灌，因此要有能源条件，如电、油料等。 
②要有一定的交通条件。 
③要有经过培训的技术、管理人员。 
由于喷灌技术含量高，涉及面广，其运行管理要由专门的、受过培训的人员来管理。 
④要有专业化的施工队伍。 
因喷灌系统工作压力较高，隐蔽工程较多，施工和设备安装质量的好坏直接关系着工程能否正常运行、设备能否正常发挥，因此，喷灌工程要由专业队伍（专业人员）进行施工和设备安装。 
57、喷灌工程首部包括那些设备？ 
喷灌工程首部包括：加压设备（水泵、动力机），计量设备（流量计、压力表），控制设备（闸阀、配电柜），安全保护设备（空气阀，安全阀、逆止阀）等设备。 
58、喷灌管道如何选择？ 
喷灌管道是喷灌工程的主要组成部分，管材必须保证在规定工作压力下不发生开裂、爆管等现象，工作安全可靠。此外，还要求管材及附件价格低廉，使用年限长，内壁光滑，安装施工容易。由于管道在喷灌工程中需用的数量较多，占投资比重较大，因此，必须因地制宜、经济合理地选用管材及附件。喷灌管道按使用方式可分为固定管道和移动管道；按材质可分为金属管和非金属管两大类，非金属管又分为脆性管和塑料管。目前可供喷灌选择的管材主要有钢管、铸铁管、钢筋混凝土管、石棉水泥管、塑料管、薄壁铝合金管、薄壁镀锌钢管及涂塑软管等。其中，塑料管道和薄壁铝合金管道应用最为广泛。 
59、起伏地形的地埋管为什么要安装排气阀和�水阀？ 
当地埋管道遇有起伏地形（地面高低不平，相差较大的地形）时，管道一般随地形起伏。为避免高处管道存有空气，恶化管内水流条件，应在高处设排气阀，使管内空气从排气阀及时排出。另外，为防止管内积水冻坏管道，应在低处安装泄水阀，以便进入冬季时放空管道。 
60、喷灌管道系统中那些地方要安装安全阀和快速空气阀？ 
管道系统开始工作时，在系统的最高位置和管道隆起的顶部常会积累一部分空气，既使开始时没有空气，水在流动过程中也会分离出空气。这些空气在高处无法排除，一方面影响了过水面积，另一方面，当水流流速变大时，又会带动一部分空气在管内移动而发生水力冲击。为消除这种现象，这些部位应当安装空气阀，在系统充水时将空气排出，并在管内充满水后自动关闭。水中分离出的空气，积累到一定程度后空气阀将再次自动打开，将气排出。 
在有地埋管的喷灌系统中，要在各级管道的最低处或管道下凹处按装排水阀，以便冬季不用时放空管道余水，防止冻胀破坏。 
61、压力管道系统主闸阀的开启和关闭为什么要缓慢进行？ 
压力管道系统工作时管内承受较大内水压力，流速较快，如果遇有停电、事故、主闸阀关闭太快等情况时，会产生水锤现象使管道爆裂，破坏系统的整体性，因此，压力管道系统的主闸阀在开启和关闭时要缓慢进行，延长启闭时间，避免水锤的发生。 
62、常用的喷头有哪些？ 
喷头（又称为喷灌器）是喷灌机与喷灌系统的主要组成部分。它的作用是将有压的集中水流喷射到空中，散成细小的水滴并均匀地散布在它所控制的灌溉面积上，因此喷头的结构形式及其制造质量的好坏直接影响喷灌的质量。 
喷头的种类很多，按其工作压力及控制范围大小可分为低压喷头（或称近射程喷头）、中压喷头（或称中射程喷头）和高压喷头（或称远射程喷头）。按照喷头的结构形式与水流形状可分为旋转式、固定式和孔管式三种。 
1．旋转式喷头，包括： 
(1)摇臂式喷头，其喷头的转动机构是一个装有弹簧的摇臂。 
(2)叶轮式喷头（又称涡轮涡杆式喷头）。 
(3)反作用式喷头，就是利用水舌离开喷嘴时对喷头的反作用力直接推动喷管旋转。 
2．固定式喷头，也称为漫射式喷头或散水式喷头，它的特点是在喷灌过程中所有部件相对于竖管是不动的，而水流是在全圆周（扇形）同时向四周散开。 
(1)折射式喷头 
(2)缝隙式喷头 
(3)离心式喷头 
3．孔管式喷头，是由一根或几根较小直径的管子组成，在管子的顶部分布有一些小喷水孔，喷水孔直径仅为1～2毫米。有的孔管是一排小孔，水流是朝一个方向喷出，并装有自动摆动器，使管子往复摆动，喷洒管子两侧的土地；也有的孔管有几排小孔，以保证管子两侧都能灌到，这样就不要自动摆动器，结构比较简单，要求的工作压力低（1-2公斤压力）。 
63、采用喷灌技术关键在哪里？ 
我国曾先后进行过两次喷灌技术的推广，先是由于技术不成熟而失败，后因设备不过关而夭折。现在又在进行第三次大面积推广喷灌。根据几年来的试点推广效果看，应该说现在无论是从技术上还是设备性能、质量上都已经过关。推广成功与否的关键在把好设计关和抓好运行管理工作。 
64、管道式喷灌的亩投资要多少？ 
管道式喷灌工程因建设的地区和条件不同，其亩投资也不一样。根据各地的实践经验，全固定管道式喷灌系统亩投资一般在1000～1500元之间；半固定管道式喷灌系统的亩投资约在300～500元；轻小型机组式喷灌每亩投资约为100～200元。 
65、如何使建成的喷灌工程发挥应有的作用？ 
已建成的喷灌工程如果设计没有问题，那么能否发挥其应有的作用关键在于管好用好该项工程。也就是说要按既定灌溉制度和喷灌作业制度使用喷灌工程。同时要注意设备的管理、使用、保养和维修。 
66、什么是微灌？有那些形式？ 
微灌，即是按照作物的需水要求，通过低压管道系统与安装在末级管道上的特制灌水器，将水和作物生长所需的养分以较小的流量均匀、准确地直接输送到作物根部附近的土壤表面或土层中的灌水方法。与传统的地面灌溉和全面积都湿润的灌溉相比，微灌只以少量的水湿润作物根区附近的部分土壤，因此又叫局部灌溉。 
微灌的特点是灌水流量小，一次灌水延续时间较长，灌水周期短，需要的工作压力较低，能够较精确地控制灌水量，能把水和养分直接地输送到作物根部附近的土壤中去。 
按灌水时水流出方式的不同，可以将微灌分为如下四种形式：滴灌、微喷灌、涌泉灌和渗灌。 
67、微喷灌有那些优缺点？适用于何种场合？ 
微喷灌的优点与一般喷灌相比有压力低、动力小、适应性强、雾化程度好、喷灌强度小等。一般情况下适用于蔬菜、果树、苗圃、花卉、环境草坪等场合。 
68、什么是滴灌？有那些优缺点？ 
滴灌是通过安装在毛管上的滴头、孔口或滴灌带等灌水器将水一滴一滴地、均匀而又缓慢地滴入作物根区附近土壤中的灌水形式。由于滴水量小，水滴缓慢入土，因而在滴灌条件下除仅靠滴头下面的土壤水分处于饱和状态外，其他部位的土壤水分均处于非饱和状态，土壤水分主要借助毛管张力作用入渗和扩散。具有以下优点： 
（1）省水 
滴灌系统全部由管道输水，很少有沿程渗漏和蒸发损失；滴灌属局部灌溉，灌水时一般只湿润作物根部附近的部分土壤，灌水流量小，不易发生地表径流和深层渗漏；另外，滴灌能适时适量地按作物生长需要供水，较其他灌水方法，水的利用率更高。 
（2）节能 
滴灌的灌水器在低压条件下运行，一般工作压力为5-15米水头（0.5-1.5公斤）即可，比喷灌低；又因滴灌比地面灌溉省水，灌溉水利用率高，对提水灌溉来说这意味着减少了能耗。 
（3）灌水均匀 
滴灌系统能够做到有效地控制每个灌水器的出水量，灌水均匀度高，均匀度一般高达80～90%。 
（4）增产 
滴灌能适时适量地向作物根区供肥，有的还可以调节棵间的温度和湿度，不会造成土壤板结，为作物生长提供了良好的条件，因而有利于实现高产稳产，提高产品质量。许多地方的实践证明，滴灌较其他灌水方法一般可增产30%左右。 
（5）对土壤和地形的适应性强 
滴灌系统的灌水速度可快可慢，对于入渗率很低的粘性土壤，灌水速度可以放慢，使其不产生地表径流；对于入渗率很高的沙质土，灌水速度可以提高，灌水时间可以缩短或进行间歇灌水，这样做既能使作物根系层经常保持适宜的土壤水分，又不至于产生深层渗漏。由于滴灌是压力管道输水，不一定要求对地面整平。 
（6）在一定条件下可以利用咸水资源 
滴灌可以使作物根系层土壤经常保持较高含水状态，因而局部的土壤溶液浓度较低，渗透压比较低，作物根系可以正常吸收水分和养分而不受盐碱危害。实践证明，使用咸水滴灌，灌溉水中含盐量在2～4克/升，作物仍能正常生长，并获得较高产量。 
但是利用咸水滴灌会使滴水湿润带外围形成盐斑，长期使用会使土壤恶化，因此，在干旱和半干旱地区，在灌溉季节末期应用淡水进行洗盐。 
（7）节省劳动力 
滴灌系统不需平整土地，开沟打畦，可实行自动控制，大大减少了田间灌水的劳动量和劳动强度。 
但是，滴灌同时又存在以下缺点 
    （1）易于引起堵塞 
灌水器的堵塞是当前滴灌应用中最主要的问题，严重时会使整个系统无法正常工作，甚至报废。引起堵塞的原因可以是物理因素、生物因素或化学因素。如水中的泥沙、有机物质或是微生物以及化学沉凝物等。因此，滴灌对水质要求较严，一般均应经过过滤，必要时还需经过沉淀和化学处理。 
    （2）可能引起盐分积累 
当在含盐量高的土壤上进行滴灌或是利用咸水滴灌时，盐分会积累在湿润区的边缘，若遇到小雨，这些盐分可能会被冲到作物根区而引起盐害，这时应继续进行滴灌。在没有充分冲洗条件下的地方或是秋季无充足降雨的地方，则不要在高含盐量的土壤上进行滴灌或利用咸水滴灌。 
    （3）可能限制根系的发展 
由于滴灌只湿润部分土壤，加之作物的根系有向水性，这样就会引起作物根系集中向湿润区生长。另外，在没有灌溉就没有农业的地区，如我国西北干旱地区，应用滴灌时，应正确的布置灌水器。 
总之，滴灌的适应性较强，使用范围较广，各地应根据当地自然条件、作物种类等因地制宜地选用。 
69、如何选择滴头和滴灌带？ 
滴灌设计时滴头或滴灌带的选择很重要。应根据作物种类、土壤性质等结合试验进行选择。大田作物和蔬菜可选用流量0.5～1.0升/小时，工作压力0.3公斤左右的滴头或滴灌带，果树可选用流量2～4升/小时，工作压力1公斤左右的滴头或滴灌带。 
70、微灌使用管道有那些？ 
针对一般微灌工程大多采用塑料管的特点，结合管网等级分类，重点介绍塑料管道。对仅限于大型微灌工程中引、输水主管道所采用的其他材质的管道，只作简要介绍。 
    1．塑料管 
    用于微灌系统的塑料管主要有三种：聚乙烯管、聚氯乙烯管和聚丙乙烯管。塑料管道具有抗腐蚀、柔韧性较高，能适应土壤较小的局部沉陷，内壁光滑、输水摩阻糙率小、比重小、重量轻和运输安装方便等优点，是理想的微灌用管道。管道规格多种多样，国外已生产出内径为300毫米以上的大口径塑料管，我国已生产出内径为200毫米的较大口径聚氯乙烯管供工农业生产使用。用于微灌系统的塑料管规格一般在内径100毫米以下。塑料管的主要缺点是易老化，这是因阳光照射作用引起的。由于微灌管网系统大部分埋入地下一定深度，老化问题已得到较大程度的克服，因而延长了使用寿命，埋入地下的塑料管使用寿命一般达20年以上。 
⑴聚乙烯管（PE） 
聚乙烯管有高压低密度聚乙烯管为半软管，管壁较厚，对地形适应性强，是目前国内微灌系统使用的主要管道。低压高密度聚乙烯管为硬管，管壁较薄，对地形适应性不如高压聚乙烯管。 
微灌用高压聚乙烯管材是由高压低密度聚乙烯树脂加稳定剂、润滑剂和一定比例的炭黑经制管机挤出成型。其密度为0.92～0.94。它具有很高的抗冲击能力，重量轻，柔韧性好，耐低温性能强（－70℃），抗老化性能比聚氯乙烯管材好。但不耐磨，耐高温性能差（软化点为92℃），抗张强度较低。 
为了防止光线透过管壁进入管内，引起藻类等微生物在管道内繁殖，增强抗老化性能和保证管道质量，要求聚乙烯管为黑色，外观光滑平整、无气泡、无裂口、沟纹、凹陷和杂质等。管道同一截面的壁厚偏差δ不得超过14%。 
    ⑵聚氯乙烯管（PVC） 
聚氯乙烯管道是用聚氯乙烯树脂与稳定剂、润滑剂配合后经制管机挤出成型。它具有良好的抗冲击和承压能力，刚性好。但耐高温性能较差，在50℃以上时即会发生软化变形。因属硬质管道，韧性强，对地形适应性不如半软性高压聚乙烯管道。 
微灌用聚氯乙烯管材一般为灰色。为保证使用质量要求，管道内外壁均应光滑平整，无气泡、裂口、波纹及凹陷，对管内径D为40～200毫米的管道的挠曲度不得超过1%，不允许呈S形。管道同一截面的壁厚偏差δ不得超过14%。 
    2．其他管道 
(1)铸铁管 
铸铁管一般可承受9.8-10公斤（980～1000kPa）的工作压力。优点是工作可靠，使用寿命长。缺点是输水糙率大，质脆，单位长度重量较大，每根管长较短（4～6米），接头多，施工量大。在长期输水后发生锈蚀作用在管壁生成铁瘤时管道糙率增大，不仅降低管道输水能力，而且含在水中的铁絮会堵塞灌水器，对滴头堵塞尤为严重。因此，在微灌工程中，铸铁管只能用在主过滤器以前作为骨干输水管用，严禁用于田间输配水管网系统。铸铁管的规格及连接方法请参考有关资料，此处省略。 
(2)钢管 
钢管的承压能力最高，一般达14-60公斤（1400～6000kPa），与铸铁管相比它具有管壁薄，用材省和施工方便等优点。缺点是容易产生锈蚀，这不仅缩短了它的使用寿命，而且也能产生铁絮物引起微灌系统堵塞，因此在微灌系统中一般很少使用钢管材，仅限于在主过滤器之前作高压引水管道用。钢管种类及规格此处从略。 
(3)钢筋混凝土管 
钢筋混凝土管主要有承插式自应力钢筋混凝土管和预应力钢筋混凝土管两种。钢筋混凝土管能承受4-7公斤（400～700kPa）的工作压力。优点是可以节约大量钢材和生铁，输水时不会产生锈蚀现象，使用寿命长，可达40年左右。缺点是质脆，管壁厚，单位长度重，运输困难。在微灌工程中主要用在过滤器以前作引水管道。使用当地生产的钢筋混凝土管时，一定要弄清楚规格及承压能力，并严格进行质量检查，合格者才能使用。 
71、滴灌的毛管间距、滴头间距应如何确定？ 
滴灌系统中毛管用量最大，其投资有时可达总投资的30%～40%，因此要正确选用和布置。大田作物为减少毛管用量，降低工程造价，一般多采用移动式毛管，一条移动毛管的控制宽度以10～20米为宜。过大，灌水不及时；过小，造价增大。毛管长度一般为30～50米，毛管工作点间距以80～100厘米为宜。滴头间距一般采用：大田作物50～100厘米，蔬菜30～50厘米，果树可绕树布置一周，小树4个，大树6～8个。 
     72、什么是小管出流？有那些优缺点？ 
采用较大流道尺寸，利用已有的φ4PE塑料小管作为灌水器，同时采用了100～180升/小时的大流量出流。这样既使随灌溉水进入灌水器的细小颗粒有宽松的通道，而且具有足够的水流速度使固体颗粒不发生沉积，从而大大提高了灌水器的防堵能力。 
小管出流灌溉系统与滴灌系统比较有如下特点。 
 = 1 \* GB2 ⑴ 堵塞问题小，水质净化处理简单。小管灌水器的流道直径比滴灌灌水器的流道或孔口的直径（0.5～1.2毫米）大的多，而且采用大流量出流，解决了滴灌系统灌水器易于堵塞的难题。因此一般只要在系统首部安装60～80目/英寸的筛网式过滤器就足够了（滴灌系统的过滤器的过滤介质则需要120～200目/英寸）。如果利用水质量较好的井水灌溉也可以不安装过滤器。同时，由于过滤器的网眼大、水头损失小，既节省能源消耗，又可延长冲洗周期。 
 = 2 \* GB2 ⑵ 施肥方便。果树施肥时，可将化肥液注入管道内随灌溉水进入农作物根区土壤中，也可把肥料均匀地撒于入渗沟内溶解，随水进入土壤。特别是施有机肥时，可将各种有机肥埋进入渗沟下的土壤中，在适宜的水、热、气条件下熟化，充分发挥肥效，解决了滴灌不能施有机肥的问题。 
 = 3 \* GB2 ⑶ 省水。小管出流灌溉是一种局部灌溉技术，只湿润入渗沟渠两侧果树根系活动层的部分土壤，水的利用率很高，而且是管网输配水，没有渗漏损失。据北京市海淀区试验，可比地面灌溉节约用水60%以上。 
     = 4 \* GB2 ⑷ 适应性强。对各种地形、土壤、果树、葡萄等均可适用。 
    (5) 操作简单，管理方便。 
73、流量调节器有什么作用？ 
流量调节器的主要作用是稳定流量，它可以根据管内压力大小自动调节流经调节器的流量在一个相对稳定的范围。目前水利部新乡灌溉研究所研制的流量调节器性能较稳定，价格也不贵。它在50米水头内流量基本不变，是一种理想的流量调节器。 
74、什么是坐水种？适用于那些场合？ 
我国北方干旱、半干旱地区，在作物播种时期，由于雨水缺少，常常出现土壤墒情差，含水量低，造成出苗晚或缺苗断垅，甚至不出苗，严重影响农业生产。为了保证出全苗、出壮苗，农民在生产实践中摸索出一套称为坐水种（滤水种）的方法。坐水种和滤水种是分别针对穴播与条播作物而言。其作业程序是挖穴（或开沟）、注水、点种、施肥、覆土和镇压。采用此种方法，可以适时播种，提高播种质量，达到苗齐、苗壮的目的，出苗率可达95%以上，并能提高抗旱能力，提高肥效，促进早熟增产。据宁夏试验，玉米可增产15%～20%。黑龙江省肇东市玉米产区高、中、低三种类型6年的跟踪调查分析，每公顷增产702.6～1463公斤，增产16%左右，增收28%。 
坐水种的技术参数主要是指坐水量和注水深度。 
1、坐水量的确定 
坐水量的多少主要依据土壤的干旱程度来确定。下表列出了黑龙江省肇东市水利局1986～1991年间对玉米坐水种试验进行分析得出的坐水量标准，供参考。 
                      不同水文年坐水量标准表 
 
  
   
    水文年 
    0～30厘米平均土壤含水率 占田间持水量（%） 
    坐水量（方/公顷）
   
   
    轻旱年 
    70～62 
    25.5
   
   
    中等干旱年 
    62～56 
    52.5
   
   
    重旱年 
    56～51 
    75.0
   
   
    严重干旱年 
    <51 
    105.0
  
 
 
 
2、注水深度 
注水深度一方面考虑播种深度，另一方面要考虑到干土层的厚度。一般播种深度为5厘米左右。因此，注水深度应在此深度以下为宜，以利于与底墒相衔接，增强抗旱能力。 
3、抗旱天数 
抗旱天数是对坐水种技术提出的抗旱标准，各地自然条件不同，抗旱天数也有差别。例如，吉林省水利科学研究所的研究成果，以抗旱天数为依据来确定坐水量。在开沟坐水条件下，抗旱天数以40天为标准，确定的坐水量为46.5～60 方/公顷，相当于表中的中等干旱年的标准。 
4、坐水种方式 
坐水种的方式不同，所需的机具设备也不尽相同，目前有人工坐水种方式、机械开沟滤水方式及机械注水方式三种形式。 
1） 人工坐水种方式 
这种方式除运水外，其余作业即挖穴、注水、点种、施肥和覆土等全靠人工来完成，完成全部作业程序约需5～7人，日播种面积0.3～0.4公顷，效率较低。 
2） 机械开沟滤水方式 
用机械开沟后，将灌溉水用注水管注入沟中，待水渗入土中后，再由人工进行播种、施肥和覆土等作业，一般也需5～7人，但作业效率较人工坐水种方式提高1倍左右。 
3） 机械注水方式 
这种方式又可分为明式注水和暗式注水两种。 
 ⑴明式注水量由拖拉机牵引水车，在开沟的同时向沟中注水，待水渗入土中之后，利用播种机进行播种、施肥和覆土等作业。为使上述作业连续进行，在第一条垅上开沟注水时播种机空行，待第二条垅开沟注水的同时，再由播种机在第一条垅上开始作业。这样，依此类推，田间作业效率较前两种方式大有提高。 
⑵暗式注水量利用暗式注水播种机来实现。这种方式的特点是水在播种位置以下，水不含泥，土不板结。整个作业由2人操作完成，效率较前述方式大大提高，每天可播种面积在1公顷以上。 
目前，全国各地相继研究试制了多种坐水抗旱播种机，现列出部分供选用。 
2BFS―1暗式坐水点播机，黑龙江省水利科学研究所开发，黑龙江省水利充填处修配厂制造。 
J5―750型多功能播种机，黑龙江省农机工程研究院研制。 
2BT1型坐水点播机，黑龙江省农机工程研究院研制。 
2BFS―1单体抗旱坐水点播机，吉林省乾安县农机配件厂研制。 
2BSM―2A坐水播种覆膜机，内蒙古自治区宁城县农机所研制。 
2SBFM―3型坐水播种覆膜机，内蒙古自治区宁城县水利局研制。 
WD―3型旱地播施保多用机，河北省青县农机所研制。 
抗旱坐种单体播种机，青海省水利科学研究所研制。 
抗旱灌水播种机，中国农业大学东校区研制。 
坐水式播种机，南京农业机械化研究所研制。 
    多功能灌溉机，南京农业机械化研究所研制。 
    多功能灌溉机，徐州水利机械厂研制。 
75、怎样用库水、河水灌溉？ 
水库、河流作为传统的灌溉水源，多用渠道输水，但是渠道输水损失太大，目前一般大型灌区渠系水利用系数仅达0.5～0.6。为了提高库水、河水利用率，各级渠道应采用防渗衬砌等工程措施或采用管道输水等，田间工程采用节水的灌溉技术。 
76、怎样留住雨水？ 
对于雨水的利用视地形、地势不同有多种方法。在山区采用多种树木，封山育林，可保持水土，多拦截雨水，减少径流损失。还可采用塘坝拦蓄雨水进行造田和灌溉。近几年在我国西北干旱地区正在推广的斜坡集雨、水窖储存的集雨工程及屋顶、场院集雨工程均收到良好效果。在平原地区利用坑塘、洼地、深沟渠网进行雨水拦蓄回补地下水，或直接用作灌溉水源也收到很好的效果。由华北水利水电学院研究的平原地区汛期雨洪利用集成技术――灌、蓄、补一体化工程模式是一项很有推广价值的雨水利用技术。 
77、怎样利用小溪、小沟等微水源进行灌溉？ 
如果灌区内具有小沟、小溪等微水源时，可结合一定的蓄水措施，作为滴灌、微喷或轻型喷灌机组的灌溉水源，加以利用。 
78、浇地必须“浇透”才行吗？ 
农民浇地有一种偏见，即认为浇地必须“浇透”才行。所谓的浇透指的是一次浇水后上部湿润土壤层必须与下部湿润土壤层相接。其实这并没有科学依据，因为作物在不同的生育阶段其根系层埋藏的深度不同，一般情况下苗期根系较浅，中、后期根系才发育延伸到一定深（其根系层一般不超40厘米）。所以浇地时尤其是苗期根本不需要把地浇透。即使是生长旺盛时也没有必要一定把水浇透，只要满足作物根系层深度的储水要求即可。 
79、半固定管道式喷灌适用于那些地方？ 
半固定管道式喷灌，因为在喷灌作业时，地面的支管需要移动，而且移动管道较长（多在100～200米之间），所以该种形式的喷灌多用在地势平坦的浅丘和平原地区。 
80、固定管道式喷灌适用于那些地方？ 
固定管道式喷灌系统的全部管道在整个灌溉季节甚至常年都是固定不动的，一般埋于地下。固定管道式喷灌系统的设备利用率不高，亩投资高，但使用方便，适合经济发展水平高，劳力紧张，以种植灌水频繁、价值高的蔬菜为主的城市郊区，也适合灌水频繁的经济作物。 
81、使用半固定管道式喷灌系统应配备几套设备？如何操作？ 
使用半固定管道式喷灌系统应配备的设备主要是指：移动支管及其上的竖管和喷头，一般将一条移动支管及其上的竖管和喷头称作一套设备。根据作业要求和实践经验一般一个喷灌系统配备三套这样的设备为宜，作业时其中一套设备处在工作（喷洒）状态，另外两套设备安装好等待工作。当第一套设备工作完毕（按规定的定喷时间完成喷洒任务），先让另一套设备进入工作状态，还有一套等待工作，已工作完毕的那一套暂不拆移，等第一套设备工作完毕、第三套设备进入工作状态时，再去拆移第一套设备并安装到下一个作业位置，并循环下去。这样做可避免操作人员在刚喷灌完的湿地上行走，不破坏土壤结构。 
82、不管土质、地形和水源怎样都可以采用同样的喷头和间距吗？ 
喷灌工程中，喷头及其组合间距要根据土壤性质、设计风速、作物种类等进行合理的设计和选择。如《喷灌工程技术规范》中规定喷灌系统的设计喷灌强度不得大于土壤允许的喷灌强度，这就要求根据土壤允许的喷灌强度来选择喷头及其组合喷灌强度；不同地区，设计风速不同，则其喷头和组合间距不同；不同的作物要求的雾化指标不同，也要求采用不同的喷头。 
83、喷灌真的能省地吗？ 
由于喷灌系统进行灌溉时不产生地表径流，因此不必像畦田灌溉那样修筑田埂，且可减少渠道甚至没有渠道，所以喷灌可以省地。据测算，实行喷灌的地区可节地6%～12%。 
84、喷灌增产是怎么回事儿？ 
喷灌能增产已是不争的事实，那么它为什么能增产呢？分析起来有以下几方面原因：一是喷灌操纵灵活还可以自动化管理，能更适时适量的满足作物需水；二是喷灌可以增湿、降温，调节近地面小气候，使作物处于较好的生长环境；第三，喷灌和传统的地面灌溉比可以节省沟、渠占地，增加种植面积。 
85、选择喷灌工程的地埋管应注意些什么？ 
喷灌工程将主干管、干管埋于地下，选择地埋管时应注意：正确选用管材主要指所选管材能承受的压力、运输、施工、价格、使用寿命等多方面因素。另外地埋管埋置深度应在耕层和冻土层之下。 
86、小型喷灌机适用于那些地方？ 
轻小型喷灌机组适应水源小而分散的山丘区和平原缺水区，具有一次性投资少，操作简单，保管维修方便，喷灌面积可大可小，适用于抗旱等优点。 
87、大型喷灌机有那些种类？适用于那些地方？ 
大型喷灌机有平移式和时针式两大种类，由于其控制面积较大，所以多适用于地势平坦的平原地区。 
88、已搞了低压管道灌溉的地方，如何发展喷灌？ 
在已修建了低压管道灌溉的地方，如果再建喷灌工程，方法有两种：一是废除原有低压管灌溉工程，重新建设喷灌工程；二是在原有工程基础上改建为喷灌工程，此时应在原管道出水处经二次加压实现喷灌。 
89、怎样用窑窖收集雨水？ 
雨水集蓄工程是指对降雨进行收集、汇流，存储和进行节水灌溉的一套系统。一般由集雨系统、输水系统、蓄水系统和灌溉系统组成。 
一、集雨系统 
集雨系统主要是指收集雨水的集雨场地。首先应考虑具有一定产流面积的地方作为集雨场，没有天然条件的地方，则需人工修建集雨场。为了提高集流效率，减少渗漏损失，要用不透水物质或防渗材料对集雨场表面进行防渗处理。 
二、输水系统 
输水系统是指输水沟（渠）和截流沟。其作用是将集雨场上的来水汇集起来，引入沉沙池，而后流入蓄水系统。要根据各地的地形条件、防渗材料的种类以及经济条件等，因地制宜地进行规划布置。 
三、蓄水系统 
蓄水系统包括蓄水体及其附属设施。其作用是存储雨水。 
1．储水体 
各地群众在实践中创造出不同的存储形式，西北、华北黄土高原一带，主要是建水窖（窑）和蓄水池。用于生活用水和用于农业灌溉的形式基本一样。一般用于生活和庭院灌溉（手压泵）。用于农田灌溉的多建于田边和地头，容积相对较大，提水设备有用动力的（微型电泵）,也有用人工的（手压泵）。窖（窑）和蓄水池使用的建筑材料可分为土窖、砖石窖、混凝土薄壳窖和水窖等。土窖施工方便，造价低、但容量小，对土质要求较高。砖石窖较坚固耐用，容量也较大，但造价较高，施工难度较大。混凝土薄壳窖防渗性能好，寿命长，容量大，但造价较高。水窖为卧式全封闭的结构类型，容量大（80～200方），长度不受限制，施工较方便，但窖底防渗处理要求高。各地应根据地形地貌特性、经济条件、施工技术和当地材料来选型。 
2、主要附属设施 
（1）沉沙池。其作用是沉降进窖（窑）水流中的泥沙含量。一般建于水窖（窑）的进口处2～3米远的地方，以防渗水造成窖壁坍塌，池深0.6～1.0米，长宽比可考虑2：1，具体尺寸由进窖水量和水中含沙量而定。 
（2）拦污栅与进水暗管（渠）。拦污栅作用是拦截水流中的杂物，如树叶、杂草等漂浮物和砖石块等，设在沉沙池的进口。进水暗管（渠）作用是将沉沙池与窖体（蓄水池）连通，使沉积后的水流顺利流人窖（池）中，其过水断面应根据最大进流量来确定。 
（3）消力设施。为了减轻进窖（窑）水流对窖底的冲刷，要在进水暗管（渠）的下方窖（窑）底上设置消力设施，根据进窖流量的大小，选用消力池或消力筐或设石板（混凝土板块）。 
（4）窖口井台。其作用是保证取水口不致坍塌损坏，同时防止污物进窖。窖台一般高出地面0.3～0.6米，平时要加盖密封,取水时可安装提水设备。 
四、灌溉系统 
灌溉系统包括首部提水设备、输水管道和田间的灌水器等节水灌溉设备，是实现雨水高效利用的最终措施。由于各地地形条件、雨水资源量、灌溉的作物和经济条件的不同，可以选择适宜的节水灌溉形式。常见的形式有滴灌、渗灌、坐水种、注射灌、膜下穴灌与细流沟灌等技术。 
90、平原沙性土地宜采用那种灌溉形式？ 
平原沙性土壤因其透水性强，农民称为“漏水地”，在这样地块上实施灌溉，宜采用喷灌形式。 
91、露地蔬菜如何灌溉？ 
露地蔬菜宜采用的灌溉形式有畦灌、沟灌、微喷灌、滴灌等。 
92、大棚蔬菜如何灌溉？ 
大棚蔬菜由于水蒸气不易散发，使棚内湿度较大，容易引发病虫害，不宜采用地面明水灌溉，一般采用滴灌工程进行灌溉。 
93、平原果树有哪些灌溉形式？ 
平原地区果树目前多采用漫灌、穴灌等形式。在水资源紧张的地区宜采用小管出流灌溉系统。 
94、地形高差大的山坡果树可以搞滴灌吗? 
地形高差较大的山坡地上可以搞滴灌，但要切实做好地形测量、滴灌设计、设备选择、稍有疏忽就可能失败。在大高差山坡地上搞滴灌，华北水利水电学院取得了成功的经验。 
95、丘陵地区大田作物可以搞喷灌吗？ 
喷灌的优点之一就是对地形的适应性强，因此丘陵地区的大田作物更宜采用喷灌。但由于丘陵区高差较大，为使喷头出流量均匀，应在管道系统加调压设施。 
96、滴灌水那么少，能满足作物需要吗？ 
目前为止，滴灌是最省水的一种先进的灌溉技术，每个滴头均以水滴的形式将灌溉水源送入植物根部，只需按设计人员拟定作业制度进行作业，完全可满足作物对水的需要。 
97、搞了喷灌还灌那么多水，有必要吗？ 
目前有些地区虽已搞了喷灌，但农民受传统灌溉方式的影响，仍以较大的灌水定额进行灌溉。实际上，多灌的水，由于超过了田间持水能力，多余的水在重力的作用下，渗到作物根系层以下，产生深层渗漏，是完全没有必要的。 
98、畦灌时何时关闭沟口为好? 
当采用畦灌时，畦口的关闭时间与土壤质地和畦长有关，一般土壤条件下，畦长50米左右，可采用八成改水;畦长30～40米，可采用九成改水；畦长小于30米时，可采用十成改水。 
99、沟灌有哪些新技术？ 
为了增加沟灌对土质与地形的适应性，提高灌水效率（即田间水有效利用率），节约用水，近年来世界上开始采用一些沟灌新技术。除了与畦灌相同，也采用闸门和虹吸管外，主要有以下两种： 
 = 1 \* GB2 ⑴ 尾水回收系统：透水性较差的土壤，为了达到一定的灌水定额，要求在沟中保持较长时间的水流，而且地形坡度又较大，沟中不便蓄水，这样就不可避免要有一些水从沟尾排走，进入排水系统，从而降低了灌溉效率，还增加了排水系统的负担。因此要建立尾水回收系统，从沟尾将排走的水收集起来再送到沟首或其他田块以供灌溉之用，这种系统一般包括集水沟，蓄水池，提水系统，输水管道，沟尾的泄水经由集水沟收集，暂时存放在蓄水池中，到一定的时候由提水系统加压，经输水管道送到本田块或其他田块的沟首。装了尾水回收系统后，不但可以省水，提高灌水效率，而且还可以减少排水问题，保肥节能，防止土壤的侵蚀。 
 = 2 \* GB2 ⑵ 波涌沟灌：又称为涌流沟灌或间歇沟灌，是间歇地向灌水沟放水，一般是放水几分钟或几十分钟，然后停水几分钟或几十分钟，重复几次，直到灌水沟的首尾都得到均匀地灌溉为止。这样放水使得在给定条件下，灌水沟中水流的进程距离比连续放水多两倍到三倍。从而可减少沟首、沟尾入渗时间的差别，使沿灌水沟的水量分布均匀，可以使沟灌的灌水效率由50%～60%，提高到70%～80%。当然，为了要按一定的间歇周期放水，就要配置有自动控制或人工控制的放水设备。这显然会增加灌水的费用，但也同时提高了灌水的机械化和自动化程度，节约灌水劳动力。 
100、微咸水和咸水能用于灌溉吗？ 
根据国内外的实验研究，作物可以吸收水分和养分的土壤溶液浓度极限值为15～20克/升，小麦返青时不超过10克/升，拔节后为20克/升。理论上讲，在小麦返青期用10克/升的咸水灌溉，拔节后用20克/升的咸水灌溉是可以被作物吸收利用的，但由于灌水时土壤含水率达到田间持水率，以后土壤水分逐渐消耗，土壤溶液浓度不断增加，为使在土壤含水率的下限达到田间持水率的55%～60%的情况下土壤溶液浓度保持在极限浓度以下，根据国内试验资料，一般灌溉水的浓度应不超过5～6克/升。应当指出，咸水灌溉必须有适当的排水条件，在纯井灌区应通过自然降雨淋洗，将旱季土壤中积累的盐分排除至根层以下，在有地表水灌溉的地区则应利用灌溉的地表水和降雨水淋洗，使根层土壤溶液不超过作物的生理极限。 
咸水的利用过程也是咸水的改造过程。在开采利用的条件下，在华北平原约2万平方公里的半咸水面积上，按年平均降雨入渗补给量70～80毫米计算，地下水补给资源为14～16亿方，如可采系数为0.80，则增加的可采资源可达11～13亿方，数量是相当可观的。 

                                            ",2016-02-05,节水灌溉科普知识100问
